usage_start_date,billing_account_id,project_id,project_name,environment,team,service_description,sku_description,resource_name,location,usage_amount,usage_unit,cost,credits,net_cost,labels
2026-01-01,000000-000000-000000,prj-retail-prod,Prj Retail Prod,Production,Retail Platform,Compute Engine,VM Instance Core,gce-batch-large,us-central1,862.71,hour,92.98,-0.0,92.98,env=production;team=retail-platform;owner=portfolio
2026-01-01,000000-000000-000000,prj-retail-prod,Prj Retail Prod,Production,Retail Platform,BigQuery,Storage,bq-raw-events,asia-southeast1,281.64,GiB-month,72.22,-0.0,72.22,env=production;team=retail-platform;owner=portfolio
2026-01-01,000000-000000-000000,prj-data-analytics,Prj Data Analytics,Analytics,Data Platform,BigQuery,Analysis Slots,bq-analytics-dwh,asia-southeast1,622.29,GiB-month,128.34,-12.83,115.5,env=analytics;team=data-platform;owner=portfolio
2026-01-01,000000-000000-000000,prj-retail-prod,Prj Retail Prod,Production,Retail Platform,Cloud Storage,Standard Storage,gcs-archive-temp,asia-southeast2,213.33,GiB-month,27.67,0,27.67,env=production;team=retail-platform;owner=portfolio
2026-01-01,000000-000000-000000,prj-retail-dev,Prj Retail Dev,Development,Retail Platform,Compute Engine,Persistent Disk SSD,gce-legacy-reporting,asia-southeast2,768.3,hour,175.81,-0.0,175.81,env=development;team=retail-platform;owner=portfolio
2026-01-01,000000-000000-000000,prj-retail-dev,Prj Retail Dev,Development,Retail Platform,BigQuery,Analysis Slots,bq-marketing-mart,asia-southeast2,1071.12,GiB-month,118.9,-0.0,118.9,env=development;team=retail-platform;owner=portfolio
2026-01-01,000000-000000-000000,prj-data-analytics,Prj Data Analytics,Analytics,Data Platform,Cloud Run,vCPU,run-payment-api,us-central1,25.31,hour,7.95,0,7.95,env=analytics;team=data-platform;owner=portfolio
2026-01-01,000000-000000-000000,prj-shared-services,Prj Shared Services,Shared,Shared Services,BigQuery,Analysis Slots,bq-marketing-mart,asia-southeast2,863.27,GiB-month,93.22,-4.66,88.56,env=shared;team=shared-services;owner=portfolio
2026-01-01,000000-000000-000000,prj-shared-services,Prj Shared Services,Shared,Shared Services,Compute Engine,Persistent Disk SSD,gce-web-01,us-central1,694.35,hour,141.67,-14.17,127.5,env=shared;team=shared-services;owner=portfolio
2026-01-01,000000-000000-000000,prj-retail-prod,Prj Retail Prod,Production,Retail Platform,Compute Engine,Persistent Disk SSD,gce-dev-test,asia-southeast2,372.46,hour,127.12,-6.36,120.76,env=production;team=retail-platform;owner=portfolio
2026-01-02,000000-000000-000000,prj-retail-prod,Prj Retail Prod,Production,Retail Platform,Cloud Storage,Standard Storage,gcs-archive-temp,us-central1,59.53,GiB-month,19.33,0,19.33,env=production;team=retail-platform;owner=portfolio
2026-01-02,000000-000000-000000,prj-data-analytics,Prj Data Analytics,Analytics,Data Platform,Cloud Logging,Log Ingestion,logging-prod,asia-southeast2,71.92,GiB,15.53,0,15.53,env=analytics;team=data-platform;owner=portfolio
2026-01-02,000000-000000-000000,prj-retail-prod,Prj Retail Prod,Production,Retail Platform,Cloud Logging,Log Ingestion,logging-prod,us-central1,56.91,GiB,11.59,0,11.59,env=production;team=retail-platform;owner=portfolio
2026-01-02,000000-000000-000000,prj-shared-services,Prj Shared Services,Shared,Shared Services,BigQuery,Storage,bq-raw-events,asia-southeast2,1128.04,GiB-month,87.44,-8.74,78.69,env=shared;team=shared-services;owner=portfolio
2026-01-02,000000-000000-000000,prj-retail-prod,Prj Retail Prod,Production,Retail Platform,Cloud SQL,PostgreSQL CPU,sql-orders-prod,asia-southeast1,101.2,hour,32.45,0,32.45,env=production;team=retail-platform;owner=portfolio
2026-01-02,000000-000000-000000,prj-retail-prod,Prj Retail Prod,Production,Retail Platform,BigQuery,Storage,bq-marketing-mart,asia-southeast2,129.15,GiB-month,37.49,-3.75,33.75,env=production;team=retail-platform;owner=portfolio
2026-01-02,000000-000000-000000,prj-retail-prod,Prj Retail Prod,Production,Retail Platform,Compute Engine,Persistent Disk SSD,gce-legacy-reporting,asia-southeast2,409.61,hour,118.04,-5.9,112.14,env=production;team=retail-platform;owner=portfolio
2026-01-02,000000-000000-000000,prj-retail-dev,Prj Retail Dev,Development,Retail Platform,BigQuery,Storage,bq-analytics-dwh,us-central1,1361.23,GiB-month,75.8,-0.0,75.8,env=development;team=retail-platform;owner=portfolio
2026-01-02,000000-000000-000000,prj-retail-prod,Prj Retail Prod,Production,Retail Platform,Compute Engine,Persistent Disk SSD,gce-web-02,asia-southeast1,408.74,hour,49.95,-5.0,44.96,env=production;team=retail-platform;owner=portfolio
2026-01-03,000000-000000-000000,prj-shared-services,Prj Shared Services,Shared,Shared Services,Cloud Logging,Log Ingestion,logging-prod,asia-southeast1,347.61,GiB,19.31,0,19.31,env=shared;team=shared-services;owner=portfolio
2026-01-03,000000-000000-000000,prj-retail-dev,Prj Retail Dev,Development,Retail Platform,Compute Engine,VM Instance Core,gce-dev-test,asia-southeast2,175.77,hour,38.57,-0.0,38.57,env=development;team=retail-platform;owner=portfolio
2026-01-03,000000-000000-000000,prj-retail-prod,Prj Retail Prod,Production,Retail Platform,Cloud Run,vCPU,run-report-api,us-central1,135.55,hour,22.05,0,22.05,env=production;team=retail-platform;owner=portfolio
2026-01-03,000000-000000-000000,prj-data-analytics,Prj Data Analytics,Analytics,Data Platform,Cloud Logging,Log Ingestion,logging-dev,us-central1,39.67,GiB,8.2,0,8.2,env=analytics;team=data-platform;owner=portfolio
2026-01-03,000000-000000-000000,prj-data-analytics,Prj Data Analytics,Analytics,Data Platform,BigQuery,Analysis Slots,bq-marketing-mart,us-central1,434.44,GiB-month,107.32,-0.0,107.32,env=analytics;team=data-platform;owner=portfolio
2026-01-03,000000-000000-000000,prj-data-analytics,Prj Data Analytics,Analytics,Data Platform,Compute Engine,Persistent Disk SSD,gce-web-02,us-central1,610.09,hour,62.91,-3.15,59.76,env=analytics;team=data-platform;owner=portfolio
2026-01-03,000000-000000-000000,prj-data-analytics,Prj Data Analytics,Analytics,Data Platform,Cloud Logging,Log Ingestion,logging-dev,us-central1,11.41,GiB,3.18,0,3.18,env=analytics;team=data-platform;owner=portfolio
2026-01-04,000000-000000-000000,prj-retail-dev,Prj Retail Dev,Development,Retail Platform,Cloud Logging,Log Ingestion,logging-shared,asia-southeast1,210.11,GiB,10.75,0,10.75,env=development;team=retail-platform;owner=portfolio
2026-01-04,000000-000000-000000,prj-retail-dev,Prj Retail Dev,Development,Retail Platform,Cloud Run,vCPU,run-order-api,us-central1,12.4,hour,3.12,0,3.12,env=development;team=retail-platform;owner=portfolio
2026-01-04,000000-000000-000000,prj-retail-prod,Prj Retail Prod,Production,Retail Platform,Cloud SQL,PostgreSQL CPU,sql-reporting,asia-southeast1,391.86,hour,114.16,0,114.16,env=production;team=retail-platform;owner=portfolio
2026-01-04,000000-000000-000000,prj-retail-prod,Prj Retail Prod,Production,Retail Platform,BigQuery,Analysis Slots,bq-raw-events,asia-southeast2,341.98,GiB-month,97.15,-0.0,97.15,env=production;team=retail-platform;owner=portfolio
2026-01-04,000000-000000-000000,prj-shared-services,Prj Shared Services,Shared,Shared Services,Compute Engine,VM Instance Core,gce-legacy-reporting,asia-southeast1,536.96,hour,87.81,-0.0,87.81,env=shared;team=shared-services;owner=portfolio
2026-01-04,000000-000000-000000,prj-retail-prod,Prj Retail Prod,Production,Retail Platform,Cloud Storage,Standard Storage,gcs-backup-prod,asia-southeast2,129.77,GiB-month,44.23,0,44.23,env=production;team=retail-platform;owner=portfolio
2026-01-04,000000-000000-000000,prj-data-analytics,Prj Data Analytics,Analytics,Data Platform,Compute Engine,VM Instance Core,gce-web-01,us-central1,897.31,hour,106.75,-0.0,106.75,env=analytics;team=data-platform;owner=portfolio
2026-01-05,000000-000000-000000,prj-retail-prod,Prj Retail Prod,Production,Retail Platform,BigQuery,Storage,bq-marketing-mart,us-central1,581.27,GiB-month,114.63,-5.73,108.9,env=production;team=retail-platform;owner=portfolio
2026-01-05,000000-000000-000000,prj-shared-services,Prj Shared Services,Shared,Shared Services,Cloud SQL,PostgreSQL CPU,sql-user-dev,us-central1,1009.25,hour,94.82,0,94.82,env=shared;team=shared-services;owner=portfolio
2026-01-05,000000-000000-000000,prj-data-analytics,Prj Data Analytics,Analytics,Data Platform,Cloud Run,vCPU,run-report-api,us-central1,107.3,hour,18.99,0,18.99,env=analytics;team=data-platform;owner=portfolio
2026-01-05,000000-000000-000000,prj-retail-dev,Prj Retail Dev,Development,Retail Platform,Cloud Logging,Log Ingestion,logging-shared,us-central1,166.97,GiB,45.56,0,45.56,env=development;team=retail-platform;owner=portfolio
2026-01-05,000000-000000-000000,prj-data-analytics,Prj Data Analytics,Analytics,Data Platform,BigQuery,Storage,bq-analytics-dwh,asia-southeast1,200.42,GiB-month,52.65,-0.0,52.65,env=analytics;team=data-platform;owner=portfolio
2026-01-05,000000-000000-000000,prj-shared-services,Prj Shared Services,Shared,Shared Services,Cloud Run,vCPU,run-order-api,us-central1,248.45,hour,26.79,0,26.79,env=shared;team=shared-services;owner=portfolio
2026-01-05,000000-000000-000000,prj-shared-services,Prj Shared Services,Shared,Shared Services,Compute Engine,VM Instance Core,gce-dev-test,asia-southeast1,182.04,hour,60.89,-3.04,57.85,env=shared;team=shared-services;owner=portfolio
2026-01-05,000000-000000-000000,prj-shared-services,Prj Shared Services,Shared,Shared Services,Cloud Logging,Log Ingestion,logging-prod,us-central1,212.41,GiB,42.82,0,42.82,env=shared;team=shared-services;owner=portfolio
2026-01-06,000000-000000-000000,prj-data-analytics,Prj Data Analytics,Analytics,Data Platform,Cloud Logging,Log Ingestion,logging-prod,asia-southeast2,68.31,GiB,10.84,0,10.84,env=analytics;team=data-platform;owner=portfolio
2026-01-06,000000-000000-000000,prj-retail-dev,Prj Retail Dev,Development,Retail Platform,Compute Engine,Persistent Disk SSD,gce-legacy-reporting,us-central1,604.8,hour,184.82,-0.0,184.82,env=development;team=retail-platform;owner=portfolio
2026-01-06,000000-000000-000000,prj-shared-services,Prj Shared Services,Shared,Shared Services,Cloud Logging,Log Ingestion,logging-prod,us-central1,115.74,GiB,30.99,0,30.99,env=shared;team=shared-services;owner=portfolio
2026-01-06,000000-000000-000000,prj-retail-dev,Prj Retail Dev,Development,Retail Platform,Cloud Logging,Log Ingestion,logging-prod,asia-southeast2,135.27,GiB,40.66,0,40.66,env=development;team=retail-platform;owner=portfolio
2026-01-06,000000-000000-000000,prj-retail-prod,Prj Retail Prod,Production,Retail Platform,Cloud Run,vCPU,run-report-api,asia-southeast2,94.76,hour,14.93,0,14.93,env=production;team=retail-platform;owner=portfolio
2026-01-06,000000-000000-000000,prj-shared-services,Prj Shared Services,Shared,Shared Services,Cloud SQL,PostgreSQL CPU,sql-user-dev,us-central1,2441.97,hour,112.35,0,112.35,env=shared;team=shared-services;owner=portfolio
2026-01-07,000000-000000-000000,prj-data-analytics,Prj Data Analytics,Analytics,Data Platform,BigQuery,Storage,bq-raw-events,asia-southeast1,1013.74,GiB-month,115.51,-0.0,115.51,env=analytics;team=data-platform;owner=portfolio
2026-01-07,000000-000000-000000,prj-retail-prod,Prj Retail Prod,Production,Retail Platform,BigQuery,Storage,bq-marketing-mart,asia-southeast2,281.73,GiB-month,95.52,-0.0,95.52,env=production;team=retail-platform;owner=portfolio
2026-01-07,000000-000000-000000,prj-retail-prod,Prj Retail Prod,Production,Retail Platform,Cloud Storage,Standard Storage,gcs-archive-temp,asia-southeast2,86.43,GiB-month,20.26,0,20.26,env=production;team=retail-platform;owner=portfolio
2026-01-07,000000-000000-000000,prj-data-analytics,Prj Data Analytics,Analytics,Data Platform,Compute Engine,Persistent Disk SSD,gce-dev-test,asia-southeast2,445.23,hour,131.31,-13.13,118.18,env=analytics;team=data-platform;owner=portfolio
2026-01-07,000000-000000-000000,prj-shared-services,Prj Shared Services,Shared,Shared Services,Cloud SQL,PostgreSQL CPU,sql-reporting,asia-southeast1,307.82,hour,100.07,0,100.07,env=shared;team=shared-services;owner=portfolio
2026-01-08,000000-000000-000000,prj-shared-services,Prj Shared Services,Shared,Shared Services,Cloud Storage,Standard Storage,gcs-backup-prod,asia-southeast1,32.95,GiB-month,7.55,0,7.55,env=shared;team=shared-services;owner=portfolio
2026-01-08,000000-000000-000000,prj-data-analytics,Prj Data Analytics,Analytics,Data Platform,Compute Engine,VM Instance Core,gce-legacy-reporting,us-central1,1594.01,hour,338.4,-16.92,321.48,env=analytics;team=data-platform;owner=portfolio
2026-01-08,000000-000000-000000,prj-retail-dev,Prj Retail Dev,Development,Retail Platform,Compute Engine,Persistent Disk SSD,gce-web-02,asia-southeast2,1787.31,hour,123.05,-0.0,123.05,env=development;team=retail-platform;owner=portfolio
2026-01-08,000000-000000-000000,prj-shared-services,Prj Shared Services,Shared,Shared Services,BigQuery,Storage,bq-marketing-mart,asia-southeast1,208.42,GiB-month,53.75,-2.69,51.06,env=shared;team=shared-services;owner=portfolio
2026-01-08,000000-000000-000000,prj-data-analytics,Prj Data Analytics,Analytics,Data Platform,Cloud Storage,Standard Storage,gcs-raw-data,asia-southeast1,83.13,GiB-month,8.9,0,8.9,env=analytics;team=data-platform;owner=portfolio
2026-01-08,000000-000000-000000,prj-data-analytics,Prj Data Analytics,Analytics,Data Platform,Cloud Storage,Standard Storage,gcs-raw-data,asia-southeast2,347.37,GiB-month,18.8,0,18.8,env=analytics;team=data-platform;owner=portfolio
2026-01-08,000000-000000-000000,prj-data-analytics,Prj Data Analytics,Analytics,Data Platform,BigQuery,Analysis Slots,bq-raw-events,asia-southeast1,196.11,GiB-month,66.54,-0.0,66.54,env=analytics;team=data-platform;owner=portfolio
2026-01-08,000000-000000-000000,prj-shared-services,Prj Shared Services,Shared,Shared Services,Compute Engine,Persistent Disk SSD,gce-web-01,asia-southeast2,1218.16,hour,80.89,-4.04,76.85,env=shared;team=shared-services;owner=portfolio
2026-01-09,000000-000000-000000,prj-shared-services,Prj Shared Services,Shared,Shared Services,BigQuery,Storage,bq-raw-events,us-central1,482.1,GiB-month,110.39,-0.0,110.39,env=shared;team=shared-services;owner=portfolio
2026-01-09,000000-000000-000000,prj-retail-prod,Prj Retail Prod,Production,Retail Platform,BigQuery,Storage,bq-raw-events,asia-southeast1,332.45,GiB-month,84.34,-8.43,75.91,env=production;team=retail-platform;owner=portfolio
2026-01-09,000000-000000-000000,prj-data-analytics,Prj Data Analytics,Analytics,Data Platform,Compute Engine,VM Instance Core,gce-web-02,us-central1,384.36,hour,66.03,-0.0,66.03,env=analytics;team=data-platform;owner=portfolio
2026-01-09,000000-000000-000000,prj-retail-dev,Prj Retail Dev,Development,Retail Platform,BigQuery,Analysis Slots,bq-marketing-mart,asia-southeast1,127.73,GiB-month,22.5,-1.12,21.37,env=development;team=retail-platform;owner=portfolio
2026-01-09,000000-000000-000000,prj-data-analytics,Prj Data Analytics,Analytics,Data Platform,Cloud Run,vCPU,run-payment-api,asia-southeast2,119.86,hour,14.1,0,14.1,env=analytics;team=data-platform;owner=portfolio
2026-01-10,000000-000000-000000,prj-retail-prod,Prj Retail Prod,Production,Retail Platform,Cloud Storage,Standard Storage,gcs-archive-temp,us-central1,105.17,GiB-month,23.29,0,23.29,env=production;team=retail-platform;owner=portfolio
2026-01-10,000000-000000-000000,prj-shared-services,Prj Shared Services,Shared,Shared Services,Compute Engine,Persistent Disk SSD,gce-legacy-reporting,us-central1,474.31,hour,138.6,-13.86,124.74,env=shared;team=shared-services;owner=portfolio
2026-01-10,000000-000000-000000,prj-retail-prod,Prj Retail Prod,Production,Retail Platform,Cloud Logging,Log Ingestion,logging-prod,us-central1,222.99,GiB,54.38,0,54.38,env=production;team=retail-platform;owner=portfolio
2026-01-10,000000-000000-000000,prj-shared-services,Prj Shared Services,Shared,Shared Services,Cloud Run,vCPU,run-order-api,asia-southeast1,110.72,hour,23.28,0,23.28,env=shared;team=shared-services;owner=portfolio
2026-01-10,000000-000000-000000,prj-shared-services,Prj Shared Services,Shared,Shared Services,Cloud Logging,Log Ingestion,logging-prod,asia-southeast2,22.29,GiB,3.71,0,3.71,env=shared;team=shared-services;owner=portfolio
2026-01-10,000000-000000-000000,prj-retail-prod,Prj Retail Prod,Production,Retail Platform,Cloud Logging,Log Ingestion,logging-prod,asia-southeast1,129.79,GiB,24.61,0,24.61,env=production;team=retail-platform;owner=portfolio
2026-01-11,000000-000000-000000,prj-shared-services,Prj Shared Services,Shared,Shared Services,BigQuery,Analysis Slots,bq-marketing-mart,us-central1,536.14,GiB-month,77.93,-7.79,70.14,env=shared;team=shared-services;owner=portfolio
2026-01-11,000000-000000-000000,prj-data-analytics,Prj Data Analytics,Analytics,Data Platform,Compute Engine,VM Instance Core,gce-batch-large,us-central1,1249.36,hour,263.73,-13.19,250.55,env=analytics;team=data-platform;owner=portfolio
2026-01-11,000000-000000-000000,prj-shared-services,Prj Shared Services,Shared,Shared Services,Cloud Logging,Log Ingestion,logging-dev,asia-southeast1,175.72,GiB,24.36,0,24.36,env=shared;team=shared-services;owner=portfolio
2026-01-11,000000-000000-000000,prj-shared-services,Prj Shared Services,Shared,Shared Services,Cloud Run,vCPU,run-report-api,asia-southeast2,38.73,hour,5.53,0,5.53,env=shared;team=shared-services;owner=portfolio
2026-01-11,000000-000000-000000,prj-shared-services,Prj Shared Services,Shared,Shared Services,Compute Engine,Persistent Disk SSD,gce-dev-test,us-central1,1022.24,hour,148.18,-7.41,140.77,env=shared;team=shared-services;owner=portfolio
2026-01-11,000000-000000-000000,prj-shared-services,Prj Shared Services,Shared,Shared Services,Compute Engine,Persistent Disk SSD,gce-batch-large,asia-southeast2,1599.37,hour,370.11,-0.0,370.11,env=shared;team=shared-services;owner=portfolio
2026-01-12,000000-000000-000000,prj-data-analytics,Prj Data Analytics,Analytics,Data Platform,BigQuery,Storage,bq-raw-events,asia-southeast2,367.82,GiB-month,117.73,-5.89,111.84,env=analytics;team=data-platform;owner=portfolio
2026-01-12,000000-000000-000000,prj-data-analytics,Prj Data Analytics,Analytics,Data Platform,Compute Engine,VM Instance Core,gce-batch-large,asia-southeast2,560.58,hour,130.12,-13.01,117.11,env=analytics;team=data-platform;owner=portfolio
2026-01-12,000000-000000-000000,prj-shared-services,Prj Shared Services,Shared,Shared Services,BigQuery,Analysis Slots,bq-analytics-dwh,asia-southeast1,1577.28,GiB-month,99.21,-0.0,99.21,env=shared;team=shared-services;owner=portfolio
2026-01-12,000000-000000-000000,prj-data-analytics,Prj Data Analytics,Analytics,Data Platform,Cloud Run,vCPU,run-report-api,us-central1,71.47,hour,15.53,0,15.53,env=analytics;team=data-platform;owner=portfolio
2026-01-12,000000-000000-000000,prj-data-analytics,Prj Data Analytics,Analytics,Data Platform,Cloud Storage,Standard Storage,gcs-raw-data,us-central1,276.32,GiB-month,15.25,0,15.25,env=analytics;team=data-platform;owner=portfolio
2026-01-12,000000-000000-000000,prj-shared-services,Prj Shared Services,Shared,Shared Services,Cloud Storage,Standard Storage,gcs-raw-data,asia-southeast2,123.19,GiB-month,30.1,0,30.1,env=shared;team=shared-services;owner=portfolio
2026-01-12,000000-000000-000000,prj-retail-prod,Prj Retail Prod,Production,Retail Platform,Compute Engine,VM Instance Core,gce-batch-large,us-central1,3328.38,hour,269.5,-0.0,269.5,env=production;team=retail-platform;owner=portfolio
2026-01-12,000000-000000-000000,prj-data-analytics,Prj Data Analytics,Analytics,Data Platform,Cloud Storage,Standard Storage,gcs-raw-data,asia-southeast2,313.8,GiB-month,23.76,0,23.76,env=analytics;team=data-platform;owner=portfolio
2026-01-12,000000-000000-000000,prj-retail-dev,Prj Retail Dev,Development,Retail Platform,BigQuery,Storage,bq-raw-events,asia-southeast2,966.49,GiB-month,117.89,-0.0,117.89,env=development;team=retail-platform;owner=portfolio
2026-01-12,000000-000000-000000,prj-shared-services,Prj Shared Services,Shared,Shared Services,Cloud SQL,PostgreSQL CPU,sql-reporting,us-central1,838.1,hour,194.49,0,194.49,env=shared;team=shared-services;owner=portfolio
2026-01-13,000000-000000-000000,prj-retail-dev,Prj Retail Dev,Development,Retail Platform,Compute Engine,Persistent Disk SSD,gce-legacy-reporting,us-central1,2809.38,hour,316.86,-0.0,316.86,env=development;team=retail-platform;owner=portfolio
2026-01-13,000000-000000-000000,prj-retail-dev,Prj Retail Dev,Development,Retail Platform,Cloud Run,vCPU,run-payment-api,us-central1,58.65,hour,18.45,0,18.45,env=development;team=retail-platform;owner=portfolio
2026-01-13,000000-000000-000000,prj-retail-prod,Prj Retail Prod,Production,Retail Platform,Cloud Logging,Log Ingestion,logging-shared,asia-southeast2,171.79,GiB,52.43,0,52.43,env=production;team=retail-platform;owner=portfolio
2026-01-13,000000-000000-000000,prj-data-analytics,Prj Data Analytics,Analytics,Data Platform,Cloud SQL,PostgreSQL CPU,sql-orders-prod,us-central1,477.31,hour,114.04,0,114.04,env=analytics;team=data-platform;owner=portfolio
2026-01-13,000000-000000-000000,prj-retail-prod,Prj Retail Prod,Production,Retail Platform,Compute Engine,VM Instance Core,gce-batch-large,asia-southeast2,755.1,hour,107.11,-0.0,107.11,env=production;team=retail-platform;owner=portfolio
2026-01-13,000000-000000-000000,prj-retail-prod,Prj Retail Prod,Production,Retail Platform,Cloud Storage,Standard Storage,gcs-raw-data,asia-southeast2,243.22,GiB-month,36.74,0,36.74,env=production;team=retail-platform;owner=portfolio
2026-01-13,000000-000000-000000,prj-data-analytics,Prj Data Analytics,Analytics,Data Platform,Compute Engine,VM Instance Core,gce-web-02,asia-southeast2,316.56,hour,63.03,-3.15,59.88,env=analytics;team=data-platform;owner=portfolio
2026-01-14,000000-000000-000000,prj-retail-dev,Prj Retail Dev,Development,Retail Platform,Compute Engine,VM Instance Core,gce-dev-test,asia-southeast1,353.23,hour,67.82,-0.0,67.82,env=development;team=retail-platform;owner=portfolio
2026-01-14,000000-000000-000000,prj-retail-prod,Prj Retail Prod,Production,Retail Platform,Compute Engine,Persistent Disk SSD,gce-batch-large,us-central1,1674.33,hour,302.47,-15.12,287.35,env=production;team=retail-platform;owner=portfolio
2026-01-14,000000-000000-000000,prj-shared-services,Prj Shared Services,Shared,Shared Services,Compute Engine,Persistent Disk SSD,gce-web-01,asia-southeast1,835.31,hour,140.57,-0.0,140.57,env=shared;team=shared-services;owner=portfolio
2026-01-14,000000-000000-000000,prj-shared-services,Prj Shared Services,Shared,Shared Services,Cloud Run,vCPU,run-report-api,asia-southeast2,103.17,hour,6.27,0,6.27,env=shared;team=shared-services;owner=portfolio
2026-01-14,000000-000000-000000,prj-retail-prod,Prj Retail Prod,Production,Retail Platform,Cloud Run,vCPU,run-order-api,asia-southeast1,116.21,hour,28.79,0,28.79,env=production;team=retail-platform;owner=portfolio
2026-01-14,000000-000000-000000,prj-data-analytics,Prj Data Analytics,Analytics,Data Platform,Cloud Run,vCPU,run-report-api,asia-southeast2,85.54,hour,16.21,0,16.21,env=analytics;team=data-platform;owner=portfolio
2026-01-14,000000-000000-000000,prj-data-analytics,Prj Data Analytics,Analytics,Data Platform,Cloud SQL,PostgreSQL CPU,sql-orders-prod,us-central1,494.08,hour,113.74,0,113.74,env=analytics;team=data-platform;owner=portfolio
2026-01-14,000000-000000-000000,prj-retail-prod,Prj Retail Prod,Production,Retail Platform,Cloud Storage,Standard Storage,gcs-raw-data,asia-southeast1,77.33,GiB-month,16.67,0,16.67,env=production;team=retail-platform;owner=portfolio
2026-01-15,000000-000000-000000,prj-retail-dev,Prj Retail Dev,Development,Retail Platform,Compute Engine,VM Instance Core,gce-web-01,asia-southeast2,403.03,hour,126.49,-0.0,126.49,env=development;team=retail-platform;owner=portfolio
2026-01-15,000000-000000-000000,prj-retail-dev,Prj Retail Dev,Development,Retail Platform,Compute Engine,VM Instance Core,gce-web-01,asia-southeast2,434.8,hour,63.92,-0.0,63.92,env=development;team=retail-platform;owner=portfolio
2026-01-15,000000-000000-000000,prj-data-analytics,Prj Data Analytics,Analytics,Data Platform,Cloud Logging,Log Ingestion,logging-shared,asia-southeast2,177.03,GiB,18.67,0,18.67,env=analytics;team=data-platform;owner=portfolio
2026-01-15,000000-000000-000000,prj-data-analytics,Prj Data Analytics,Analytics,Data Platform,Cloud Storage,Standard Storage,gcs-backup-prod,us-central1,101.58,GiB-month,21.66,0,21.66,env=analytics;team=data-platform;owner=portfolio
2026-01-15,000000-000000-000000,prj-data-analytics,Prj Data Analytics,Analytics,Data Platform,Compute Engine,Persistent Disk SSD,gce-legacy-reporting,asia-southeast1,2453.14,hour,318.29,-31.83,286.47,env=analytics;team=data-platform;owner=portfolio
2026-01-16,000000-000000-000000,prj-data-analytics,Prj Data Analytics,Analytics,Data Platform,BigQuery,Analysis Slots,bq-raw-events,asia-southeast1,431.8,GiB-month,87.41,-8.74,78.67,env=analytics;team=data-platform;owner=portfolio
2026-01-16,000000-000000-000000,prj-data-analytics,Prj Data Analytics,Analytics,Data Platform,Cloud SQL,PostgreSQL CPU,sql-orders-prod,us-central1,249.3,hour,36.97,0,36.97,env=analytics;team=data-platform;owner=portfolio
2026-01-16,000000-000000-000000,prj-retail-dev,Prj Retail Dev,Development,Retail Platform,BigQuery,Storage,bq-analytics-dwh,us-central1,486.61,GiB-month,89.45,-8.95,80.51,env=development;team=retail-platform;owner=portfolio
2026-01-16,000000-000000-000000,prj-shared-services,Prj Shared Services,Shared,Shared Services,Cloud SQL,PostgreSQL CPU,sql-reporting,asia-southeast1,2836.76,hour,178.71,0,178.71,env=shared;team=shared-services;owner=portfolio
2026-01-16,000000-000000-000000,prj-shared-services,Prj Shared Services,Shared,Shared Services,Compute Engine,VM Instance Core,gce-web-01,us-central1,417.97,hour,76.67,-7.67,69.01,env=shared;team=shared-services;owner=portfolio
2026-01-17,000000-000000-000000,prj-retail-prod,Prj Retail Prod,Production,Retail Platform,Cloud Logging,Log Ingestion,logging-shared,asia-southeast1,26.3,GiB,8.38,0,8.38,env=production;team=retail-platform;owner=portfolio
2026-01-17,000000-000000-000000,prj-retail-prod,Prj Retail Prod,Production,Retail Platform,BigQuery,Analysis Slots,bq-analytics-dwh,us-central1,406.55,GiB-month,113.87,-11.39,102.48,env=production;team=retail-platform;owner=portfolio
2026-01-17,000000-000000-000000,prj-retail-prod,Prj Retail Prod,Production,Retail Platform,Cloud SQL,PostgreSQL CPU,sql-orders-prod,asia-southeast2,226.86,hour,51.46,0,51.46,env=production;team=retail-platform;owner=portfolio
2026-01-17,000000-000000-000000,prj-data-analytics,Prj Data Analytics,Analytics,Data Platform,Compute Engine,Persistent Disk SSD,gce-dev-test,asia-southeast1,850.16,hour,115.6,-0.0,115.6,env=analytics;team=data-platform;owner=portfolio
2026-01-17,000000-000000-000000,prj-data-analytics,Prj Data Analytics,Analytics,Data Platform,BigQuery,Analysis Slots,bq-raw-events,asia-southeast1,2506.96,GiB-month,114.45,-5.72,108.72,env=analytics;team=data-platform;owner=portfolio
2026-01-17,000000-000000-000000,prj-retail-dev,Prj Retail Dev,Development,Retail Platform,BigQuery,Storage,bq-marketing-mart,us-central1,334.67,GiB-month,66.06,-0.0,66.06,env=development;team=retail-platform;owner=portfolio
2026-01-17,000000-000000-000000,prj-retail-prod,Prj Retail Prod,Production,Retail Platform,Cloud SQL,PostgreSQL CPU,sql-reporting,asia-southeast1,1096.33,hour,192.6,0,192.6,env=production;team=retail-platform;owner=portfolio
2026-01-17,000000-000000-000000,prj-data-analytics,Prj Data Analytics,Analytics,Data Platform,BigQuery,Storage,bq-marketing-mart,asia-southeast2,293.54,GiB-month,94.0,-9.4,84.6,env=analytics;team=data-platform;owner=portfolio
2026-01-17,000000-000000-000000,prj-data-analytics,Prj Data Analytics,Analytics,Data Platform,Cloud Logging,Log Ingestion,logging-dev,asia-southeast1,58.85,GiB,13.38,0,13.38,env=analytics;team=data-platform;owner=portfolio
2026-01-17,000000-000000-000000,prj-retail-prod,Prj Retail Prod,Production,Retail Platform,Cloud Logging,Log Ingestion,logging-dev,us-central1,342.65,GiB,42.68,0,42.68,env=production;team=retail-platform;owner=portfolio
2026-01-18,000000-000000-000000,prj-shared-services,Prj Shared Services,Shared,Shared Services,Compute Engine,Persistent Disk SSD,gce-web-02,asia-southeast1,389.9,hour,135.8,-13.58,122.22,env=shared;team=shared-services;owner=portfolio
2026-01-18,000000-000000-000000,prj-retail-dev,Prj Retail Dev,Development,Retail Platform,Compute Engine,VM Instance Core,gce-batch-large,asia-southeast1,1413.47,hour,389.04,-0.0,389.04,env=development;team=retail-platform;owner=portfolio
2026-01-18,000000-000000-000000,prj-shared-services,Prj Shared Services,Shared,Shared Services,Compute Engine,VM Instance Core,gce-web-01,asia-southeast2,268.4,hour,30.51,-1.53,28.98,env=shared;team=shared-services;owner=portfolio
2026-01-18,000000-000000-000000,prj-retail-prod,Prj Retail Prod,Production,Retail Platform,BigQuery,Storage,bq-marketing-mart,asia-southeast1,305.98,GiB-month,80.4,-0.0,80.4,env=production;team=retail-platform;owner=portfolio
2026-01-18,000000-000000-000000,prj-shared-services,Prj Shared Services,Shared,Shared Services,Compute Engine,VM Instance Core,gce-dev-test,asia-southeast1,463.06,hour,74.57,-0.0,74.57,env=shared;team=shared-services;owner=portfolio
2026-01-18,000000-000000-000000,prj-retail-prod,Prj Retail Prod,Production,Retail Platform,Cloud Run,vCPU,run-payment-api,us-central1,80.68,hour,22.52,0,22.52,env=production;team=retail-platform;owner=portfolio
2026-01-19,000000-000000-000000,prj-retail-dev,Prj Retail Dev,Development,Retail Platform,Compute Engine,VM Instance Core,gce-batch-large,asia-southeast1,3900.14,hour,232.3,-0.0,232.3,env=development;team=retail-platform;owner=portfolio
2026-01-19,000000-000000-000000,prj-retail-prod,Prj Retail Prod,Production,Retail Platform,Cloud Storage,Standard Storage,gcs-raw-data,asia-southeast1,27.45,GiB-month,5.72,0,5.72,env=production;team=retail-platform;owner=portfolio
2026-01-19,000000-000000-000000,prj-retail-prod,Prj Retail Prod,Production,Retail Platform,BigQuery,Storage,bq-marketing-mart,asia-southeast1,358.65,GiB-month,96.99,-9.7,87.29,env=production;team=retail-platform;owner=portfolio
2026-01-19,000000-000000-000000,prj-data-analytics,Prj Data Analytics,Analytics,Data Platform,BigQuery,Analysis Slots,bq-marketing-mart,asia-southeast2,236.25,GiB-month,53.57,-5.36,48.21,env=analytics;team=data-platform;owner=portfolio
2026-01-19,000000-000000-000000,prj-data-analytics,Prj Data Analytics,Analytics,Data Platform,Cloud SQL,PostgreSQL CPU,sql-orders-prod,asia-southeast2,592.53,hour,88.28,0,88.28,env=analytics;team=data-platform;owner=portfolio
2026-01-19,000000-000000-000000,prj-data-analytics,Prj Data Analytics,Analytics,Data Platform,Cloud Run,vCPU,run-payment-api,asia-southeast2,49.08,hour,13.37,0,13.37,env=analytics;team=data-platform;owner=portfolio
2026-01-19,000000-000000-000000,prj-retail-prod,Prj Retail Prod,Production,Retail Platform,BigQuery,Analysis Slots,bq-raw-events,us-central1,268.07,GiB-month,61.01,-0.0,61.01,env=production;team=retail-platform;owner=portfolio
2026-01-20,000000-000000-000000,prj-data-analytics,Prj Data Analytics,Analytics,Data Platform,Cloud SQL,PostgreSQL CPU,sql-user-dev,us-central1,888.58,hour,66.79,0,66.79,env=analytics;team=data-platform;owner=portfolio
2026-01-20,000000-000000-000000,prj-retail-dev,Prj Retail Dev,Development,Retail Platform,Cloud Logging,Log Ingestion,logging-shared,asia-southeast1,426.45,GiB,54.81,0,54.81,env=development;team=retail-platform;owner=portfolio
2026-01-20,000000-000000-000000,prj-retail-dev,Prj Retail Dev,Development,Retail Platform,Compute Engine,Persistent Disk SSD,gce-web-02,us-central1,569.05,hour,140.57,-7.03,133.54,env=development;team=retail-platform;owner=portfolio
2026-01-20,000000-000000-000000,prj-retail-prod,Prj Retail Prod,Production,Retail Platform,Cloud Storage,Standard Storage,gcs-backup-prod,asia-southeast2,541.34,GiB-month,42.02,0,42.02,env=production;team=retail-platform;owner=portfolio
2026-01-20,000000-000000-000000,prj-retail-dev,Prj Retail Dev,Development,Retail Platform,BigQuery,Storage,bq-marketing-mart,asia-southeast1,1211.82,GiB-month,73.17,-0.0,73.17,env=development;team=retail-platform;owner=portfolio
2026-01-20,000000-000000-000000,prj-shared-services,Prj Shared Services,Shared,Shared Services,Cloud Run,vCPU,run-payment-api,us-central1,99.45,hour,14.6,0,14.6,env=shared;team=shared-services;owner=portfolio
2026-01-20,000000-000000-000000,prj-retail-dev,Prj Retail Dev,Development,Retail Platform,BigQuery,Analysis Slots,bq-marketing-mart,us-central1,720.88,GiB-month,106.16,-0.0,106.16,env=development;team=retail-platform;owner=portfolio
2026-01-20,000000-000000-000000,prj-data-analytics,Prj Data Analytics,Analytics,Data Platform,Compute Engine,Persistent Disk SSD,gce-batch-large,us-central1,1351.55,hour,125.79,-0.0,125.79,env=analytics;team=data-platform;owner=portfolio
2026-01-21,000000-000000-000000,prj-data-analytics,Prj Data Analytics,Analytics,Data Platform,Compute Engine,VM Instance Core,gce-web-01,us-central1,199.19,hour,38.72,-0.0,38.72,env=analytics;team=data-platform;owner=portfolio
2026-01-21,000000-000000-000000,prj-data-analytics,Prj Data Analytics,Analytics,Data Platform,Cloud Storage,Standard Storage,gcs-backup-prod,asia-southeast1,122.3,GiB-month,20.65,0,20.65,env=analytics;team=data-platform;owner=portfolio
2026-01-21,000000-000000-000000,prj-retail-dev,Prj Retail Dev,Development,Retail Platform,Cloud SQL,PostgreSQL CPU,sql-reporting,asia-southeast2,1604.97,hour,320.42,0,320.42,env=development;team=retail-platform;owner=portfolio
2026-01-21,000000-000000-000000,prj-data-analytics,Prj Data Analytics,Analytics,Data Platform,BigQuery,Storage,bq-marketing-mart,asia-southeast2,531.85,GiB-month,62.21,-6.22,55.99,env=analytics;team=data-platform;owner=portfolio
2026-01-21,000000-000000-000000,prj-data-analytics,Prj Data Analytics,Analytics,Data Platform,Cloud SQL,PostgreSQL CPU,sql-orders-prod,us-central1,232.33,hour,77.37,0,77.37,env=analytics;team=data-platform;owner=portfolio
2026-01-21,000000-000000-000000,prj-shared-services,Prj Shared Services,Shared,Shared Services,BigQuery,Storage,bq-analytics-dwh,asia-southeast1,124.36,GiB-month,37.63,-0.0,37.63,env=shared;team=shared-services;owner=portfolio
2026-01-21,000000-000000-000000,prj-retail-dev,Prj Retail Dev,Development,Retail Platform,Cloud Storage,Standard Storage,gcs-archive-temp,asia-southeast1,45.22,GiB-month,5.85,0,5.85,env=development;team=retail-platform;owner=portfolio
2026-01-21,000000-000000-000000,prj-shared-services,Prj Shared Services,Shared,Shared Services,Cloud Storage,Standard Storage,gcs-archive-temp,asia-southeast2,132.84,GiB-month,43.98,0,43.98,env=shared;team=shared-services;owner=portfolio
2026-01-21,000000-000000-000000,prj-retail-dev,Prj Retail Dev,Development,Retail Platform,Cloud Run,vCPU,run-report-api,asia-southeast2,52.2,hour,16.54,0,16.54,env=development;team=retail-platform;owner=portfolio
2026-01-21,000000-000000-000000,prj-data-analytics,Prj Data Analytics,Analytics,Data Platform,Cloud SQL,PostgreSQL CPU,sql-orders-prod,us-central1,455.25,hour,87.34,0,87.34,env=analytics;team=data-platform;owner=portfolio
2026-01-22,000000-000000-000000,prj-shared-services,Prj Shared Services,Shared,Shared Services,Compute Engine,VM Instance Core,gce-batch-large,us-central1,1359.27,hour,166.26,-16.63,149.63,env=shared;team=shared-services;owner=portfolio
2026-01-22,000000-000000-000000,prj-retail-dev,Prj Retail Dev,Development,Retail Platform,Compute Engine,VM Instance Core,gce-dev-test,us-central1,1836.21,hour,91.42,-0.0,91.42,env=development;team=retail-platform;owner=portfolio
2026-01-22,000000-000000-000000,prj-retail-prod,Prj Retail Prod,Production,Retail Platform,BigQuery,Storage,bq-analytics-dwh,us-central1,481.52,GiB-month,124.61,-0.0,124.61,env=production;team=retail-platform;owner=portfolio
2026-01-22,000000-000000-000000,prj-retail-dev,Prj Retail Dev,Development,Retail Platform,Cloud SQL,PostgreSQL CPU,sql-reporting,us-central1,564.03,hour,174.27,0,174.27,env=development;team=retail-platform;owner=portfolio
2026-01-22,000000-000000-000000,prj-data-analytics,Prj Data Analytics,Analytics,Data Platform,Cloud Logging,Log Ingestion,logging-prod,us-central1,166.72,GiB,43.1,0,43.1,env=analytics;team=data-platform;owner=portfolio
2026-01-22,000000-000000-000000,prj-shared-services,Prj Shared Services,Shared,Shared Services,Cloud SQL,PostgreSQL CPU,sql-user-dev,asia-southeast1,340.59,hour,53.71,0,53.71,env=shared;team=shared-services;owner=portfolio
2026-01-22,000000-000000-000000,prj-data-analytics,Prj Data Analytics,Analytics,Data Platform,BigQuery,Analysis Slots,bq-marketing-mart,us-central1,1123.41,GiB-month,115.31,-0.0,115.31,env=analytics;team=data-platform;owner=portfolio
2026-01-23,000000-000000-000000,prj-data-analytics,Prj Data Analytics,Analytics,Data Platform,BigQuery,Analysis Slots,bq-analytics-dwh,asia-southeast1,843.83,GiB-month,120.15,-12.02,108.14,env=analytics;team=data-platform;owner=portfolio
2026-01-23,000000-000000-000000,prj-retail-prod,Prj Retail Prod,Production,Retail Platform,BigQuery,Analysis Slots,bq-analytics-dwh,us-central1,1977.93,GiB-month,276.04,-13.8,262.24,env=production;team=retail-platform;owner=portfolio
2026-01-23,000000-000000-000000,prj-retail-prod,Prj Retail Prod,Production,Retail Platform,Compute Engine,Persistent Disk SSD,gce-dev-test,asia-southeast2,178.0,hour,58.65,-0.0,58.65,env=production;team=retail-platform;owner=portfolio
2026-01-23,000000-000000-000000,prj-shared-services,Prj Shared Services,Shared,Shared Services,Cloud Logging,Log Ingestion,logging-prod,asia-southeast1,444.07,GiB,32.53,0,32.53,env=shared;team=shared-services;owner=portfolio
2026-01-23,000000-000000-000000,prj-data-analytics,Prj Data Analytics,Analytics,Data Platform,Cloud Logging,Log Ingestion,logging-shared,asia-southeast2,173.87,GiB,13.03,0,13.03,env=analytics;team=data-platform;owner=portfolio
2026-01-23,000000-000000-000000,prj-shared-services,Prj Shared Services,Shared,Shared Services,Cloud Storage,Standard Storage,gcs-archive-temp,asia-southeast1,119.26,GiB-month,36.42,0,36.42,env=shared;team=shared-services;owner=portfolio
2026-01-23,000000-000000-000000,prj-shared-services,Prj Shared Services,Shared,Shared Services,Cloud SQL,PostgreSQL CPU,sql-orders-prod,asia-southeast1,472.81,hour,75.13,0,75.13,env=shared;team=shared-services;owner=portfolio
2026-01-24,000000-000000-000000,prj-data-analytics,Prj Data Analytics,Analytics,Data Platform,Cloud Storage,Standard Storage,gcs-archive-temp,asia-southeast1,227.97,GiB-month,30.8,0,30.8,env=analytics;team=data-platform;owner=portfolio
2026-01-24,000000-000000-000000,prj-data-analytics,Prj Data Analytics,Analytics,Data Platform,Compute Engine,Persistent Disk SSD,gce-batch-large,us-central1,552.95,hour,151.94,-15.19,136.74,env=analytics;team=data-platform;owner=portfolio
2026-01-24,000000-000000-000000,prj-retail-dev,Prj Retail Dev,Development,Retail Platform,BigQuery,Storage,bq-raw-events,us-central1,1803.69,GiB-month,106.68,-0.0,106.68,env=development;team=retail-platform;owner=portfolio
2026-01-24,000000-000000-000000,prj-retail-dev,Prj Retail Dev,Development,Retail Platform,BigQuery,Analysis Slots,bq-analytics-dwh,us-central1,834.37,GiB-month,150.66,-0.0,150.66,env=development;team=retail-platform;owner=portfolio
2026-01-24,000000-000000-000000,prj-shared-services,Prj Shared Services,Shared,Shared Services,Cloud Logging,Log Ingestion,logging-shared,us-central1,167.61,GiB,45.46,0,45.46,env=shared;team=shared-services;owner=portfolio
2026-01-24,000000-000000-000000,prj-retail-prod,Prj Retail Prod,Production,Retail Platform,Compute Engine,VM Instance Core,gce-legacy-reporting,asia-southeast2,1182.2,hour,113.25,-11.32,101.92,env=production;team=retail-platform;owner=portfolio
2026-01-24,000000-000000-000000,prj-shared-services,Prj Shared Services,Shared,Shared Services,Cloud SQL,PostgreSQL CPU,sql-user-dev,asia-southeast1,411.52,hour,33.43,0,33.43,env=shared;team=shared-services;owner=portfolio
2026-01-25,000000-000000-000000,prj-retail-dev,Prj Retail Dev,Development,Retail Platform,Cloud Run,vCPU,run-report-api,asia-southeast1,111.81,hour,29.4,0,29.4,env=development;team=retail-platform;owner=portfolio
2026-01-25,000000-000000-000000,prj-shared-services,Prj Shared Services,Shared,Shared Services,BigQuery,Storage,bq-analytics-dwh,asia-southeast2,643.81,GiB-month,73.78,-0.0,73.78,env=shared;team=shared-services;owner=portfolio
2026-01-25,000000-000000-000000,prj-retail-prod,Prj Retail Prod,Production,Retail Platform,Compute Engine,VM Instance Core,gce-legacy-reporting,asia-southeast1,2283.71,hour,190.56,-0.0,190.56,env=production;team=retail-platform;owner=portfolio
2026-01-25,000000-000000-000000,prj-retail-dev,Prj Retail Dev,Development,Retail Platform,Cloud SQL,PostgreSQL CPU,sql-reporting,asia-southeast2,760.89,hour,101.32,0,101.32,env=development;team=retail-platform;owner=portfolio
2026-01-25,000000-000000-000000,prj-retail-dev,Prj Retail Dev,Development,Retail Platform,Cloud Run,vCPU,run-report-api,asia-southeast2,141.98,hour,24.0,0,24.0,env=development;team=retail-platform;owner=portfolio
2026-01-26,000000-000000-000000,prj-shared-services,Prj Shared Services,Shared,Shared Services,BigQuery,Analysis Slots,bq-raw-events,us-central1,306.4,GiB-month,104.18,-10.42,93.76,env=shared;team=shared-services;owner=portfolio
2026-01-26,000000-000000-000000,prj-retail-dev,Prj Retail Dev,Development,Retail Platform,Cloud Run,vCPU,run-order-api,asia-southeast2,41.7,hour,12.39,0,12.39,env=development;team=retail-platform;owner=portfolio
2026-01-26,000000-000000-000000,prj-data-analytics,Prj Data Analytics,Analytics,Data Platform,Cloud Run,vCPU,run-report-api,asia-southeast2,172.01,hour,18.45,0,18.45,env=analytics;team=data-platform;owner=portfolio
2026-01-26,000000-000000-000000,prj-data-analytics,Prj Data Analytics,Analytics,Data Platform,Cloud Storage,Standard Storage,gcs-raw-data,us-central1,134.56,GiB-month,34.4,0,34.4,env=analytics;team=data-platform;owner=portfolio
2026-01-26,000000-000000-000000,prj-retail-dev,Prj Retail Dev,Development,Retail Platform,Cloud Run,vCPU,run-order-api,asia-southeast1,60.61,hour,12.06,0,12.06,env=development;team=retail-platform;owner=portfolio
2026-01-26,000000-000000-000000,prj-shared-services,Prj Shared Services,Shared,Shared Services,Compute Engine,Persistent Disk SSD,gce-legacy-reporting,us-central1,2620.51,hour,316.66,-0.0,316.66,env=shared;team=shared-services;owner=portfolio
2026-01-26,000000-000000-000000,prj-shared-services,Prj Shared Services,Shared,Shared Services,Cloud Storage,Standard Storage,gcs-raw-data,asia-southeast1,189.16,GiB-month,27.36,0,27.36,env=shared;team=shared-services;owner=portfolio
2026-01-27,000000-000000-000000,prj-shared-services,Prj Shared Services,Shared,Shared Services,Cloud Logging,Log Ingestion,logging-prod,asia-southeast2,141.92,GiB,49.25,0,49.25,env=shared;team=shared-services;owner=portfolio
2026-01-27,000000-000000-000000,prj-retail-prod,Prj Retail Prod,Production,Retail Platform,Compute Engine,Persistent Disk SSD,gce-web-01,us-central1,827.87,hour,128.89,-12.89,116.0,env=production;team=retail-platform;owner=portfolio
2026-01-27,000000-000000-000000,prj-shared-services,Prj Shared Services,Shared,Shared Services,Cloud Logging,Log Ingestion,logging-prod,us-central1,1187.9,GiB,53.83,0,53.83,env=shared;team=shared-services;owner=portfolio
2026-01-27,000000-000000-000000,prj-shared-services,Prj Shared Services,Shared,Shared Services,BigQuery,Analysis Slots,bq-analytics-dwh,asia-southeast1,1140.36,GiB-month,177.49,-0.0,177.49,env=shared;team=shared-services;owner=portfolio
2026-01-27,000000-000000-000000,prj-shared-services,Prj Shared Services,Shared,Shared Services,BigQuery,Storage,bq-raw-events,asia-southeast1,524.19,GiB-month,86.82,-0.0,86.82,env=shared;team=shared-services;owner=portfolio
2026-01-27,000000-000000-000000,prj-shared-services,Prj Shared Services,Shared,Shared Services,Compute Engine,VM Instance Core,gce-web-01,asia-southeast2,380.53,hour,120.78,-0.0,120.78,env=shared;team=shared-services;owner=portfolio
2026-01-27,000000-000000-000000,prj-retail-dev,Prj Retail Dev,Development,Retail Platform,BigQuery,Storage,bq-raw-events,asia-southeast1,679.16,GiB-month,64.93,-0.0,64.93,env=development;team=retail-platform;owner=portfolio
2026-01-27,000000-000000-000000,prj-retail-prod,Prj Retail Prod,Production,Retail Platform,BigQuery,Storage,bq-raw-events,us-central1,404.88,GiB-month,101.17,-10.12,91.06,env=production;team=retail-platform;owner=portfolio
2026-01-27,000000-000000-000000,prj-data-analytics,Prj Data Analytics,Analytics,Data Platform,Cloud Run,vCPU,run-report-api,asia-southeast2,166.85,hour,29.28,0,29.28,env=analytics;team=data-platform;owner=portfolio
2026-01-27,000000-000000-000000,prj-data-analytics,Prj Data Analytics,Analytics,Data Platform,Cloud Run,vCPU,run-payment-api,us-central1,68.8,hour,11.96,0,11.96,env=analytics;team=data-platform;owner=portfolio
2026-01-28,000000-000000-000000,prj-shared-services,Prj Shared Services,Shared,Shared Services,Compute Engine,Persistent Disk SSD,gce-dev-test,asia-southeast1,248.76,hour,66.99,-0.0,66.99,env=shared;team=shared-services;owner=portfolio
2026-01-28,000000-000000-000000,prj-data-analytics,Prj Data Analytics,Analytics,Data Platform,Compute Engine,Persistent Disk SSD,gce-web-01,us-central1,134.89,hour,28.69,-2.87,25.82,env=analytics;team=data-platform;owner=portfolio
2026-01-28,000000-000000-000000,prj-shared-services,Prj Shared Services,Shared,Shared Services,Compute Engine,Persistent Disk SSD,gce-web-01,asia-southeast2,248.6,hour,39.83,-3.98,35.85,env=shared;team=shared-services;owner=portfolio
2026-01-28,000000-000000-000000,prj-retail-dev,Prj Retail Dev,Development,Retail Platform,BigQuery,Analysis Slots,bq-raw-events,asia-southeast2,222.52,GiB-month,29.58,-2.96,26.62,env=development;team=retail-platform;owner=portfolio
2026-01-28,000000-000000-000000,prj-data-analytics,Prj Data Analytics,Analytics,Data Platform,Cloud Storage,Standard Storage,gcs-raw-data,us-central1,180.02,GiB-month,29.28,0,29.28,env=analytics;team=data-platform;owner=portfolio
2026-01-28,000000-000000-000000,prj-shared-services,Prj Shared Services,Shared,Shared Services,Cloud SQL,PostgreSQL CPU,sql-user-dev,asia-southeast2,381.51,hour,127.29,0,127.29,env=shared;team=shared-services;owner=portfolio
2026-01-28,000000-000000-000000,prj-shared-services,Prj Shared Services,Shared,Shared Services,Cloud SQL,PostgreSQL CPU,sql-orders-prod,asia-southeast1,850.8,hour,97.97,0,97.97,env=shared;team=shared-services;owner=portfolio
2026-01-28,000000-000000-000000,prj-data-analytics,Prj Data Analytics,Analytics,Data Platform,Cloud Run,vCPU,run-payment-api,asia-southeast1,62.87,hour,21.09,0,21.09,env=analytics;team=data-platform;owner=portfolio
2026-01-28,000000-000000-000000,prj-retail-dev,Prj Retail Dev,Development,Retail Platform,Cloud Logging,Log Ingestion,logging-dev,asia-southeast1,76.47,GiB,10.24,0,10.24,env=development;team=retail-platform;owner=portfolio
2026-01-29,000000-000000-000000,prj-retail-dev,Prj Retail Dev,Development,Retail Platform,Cloud Run,vCPU,run-payment-api,us-central1,63.61,hour,16.19,0,16.19,env=development;team=retail-platform;owner=portfolio
2026-01-29,000000-000000-000000,prj-retail-prod,Prj Retail Prod,Production,Retail Platform,Cloud SQL,PostgreSQL CPU,sql-reporting,asia-southeast2,276.6,hour,66.54,0,66.54,env=production;team=retail-platform;owner=portfolio
2026-01-29,000000-000000-000000,prj-shared-services,Prj Shared Services,Shared,Shared Services,Cloud SQL,PostgreSQL CPU,sql-user-dev,asia-southeast1,953.0,hour,103.42,0,103.42,env=shared;team=shared-services;owner=portfolio
2026-01-29,000000-000000-000000,prj-shared-services,Prj Shared Services,Shared,Shared Services,Cloud Logging,Log Ingestion,logging-shared,asia-southeast2,72.84,GiB,24.63,0,24.63,env=shared;team=shared-services;owner=portfolio
2026-01-29,000000-000000-000000,prj-retail-dev,Prj Retail Dev,Development,Retail Platform,Cloud SQL,PostgreSQL CPU,sql-user-dev,asia-southeast2,341.57,hour,61.57,0,61.57,env=development;team=retail-platform;owner=portfolio
2026-01-29,000000-000000-000000,prj-data-analytics,Prj Data Analytics,Analytics,Data Platform,Compute Engine,VM Instance Core,gce-web-01,asia-southeast1,146.77,hour,30.98,-0.0,30.98,env=analytics;team=data-platform;owner=portfolio
2026-01-29,000000-000000-000000,prj-shared-services,Prj Shared Services,Shared,Shared Services,Cloud Logging,Log Ingestion,logging-prod,asia-southeast1,131.77,GiB,41.34,0,41.34,env=shared;team=shared-services;owner=portfolio
2026-01-29,000000-000000-000000,prj-shared-services,Prj Shared Services,Shared,Shared Services,Cloud Run,vCPU,run-order-api,asia-southeast2,12.09,hour,3.75,0,3.75,env=shared;team=shared-services;owner=portfolio
2026-01-29,000000-000000-000000,prj-data-analytics,Prj Data Analytics,Analytics,Data Platform,Cloud SQL,PostgreSQL CPU,sql-orders-prod,us-central1,350.36,hour,80.41,0,80.41,env=analytics;team=data-platform;owner=portfolio
2026-01-29,000000-000000-000000,prj-retail-prod,Prj Retail Prod,Production,Retail Platform,Cloud SQL,PostgreSQL CPU,sql-user-dev,asia-southeast2,1495.76,hour,99.13,0,99.13,env=production;team=retail-platform;owner=portfolio
2026-01-30,000000-000000-000000,prj-retail-prod,Prj Retail Prod,Production,Retail Platform,BigQuery,Storage,bq-marketing-mart,us-central1,555.39,GiB-month,54.2,-5.42,48.78,env=production;team=retail-platform;owner=portfolio
2026-01-30,000000-000000-000000,prj-retail-dev,Prj Retail Dev,Development,Retail Platform,BigQuery,Analysis Slots,bq-marketing-mart,asia-southeast1,420.83,GiB-month,34.65,-3.46,31.18,env=development;team=retail-platform;owner=portfolio
2026-01-30,000000-000000-000000,prj-shared-services,Prj Shared Services,Shared,Shared Services,Cloud Run,vCPU,run-report-api,asia-southeast2,164.55,hour,17.83,0,17.83,env=shared;team=shared-services;owner=portfolio
2026-01-30,000000-000000-000000,prj-data-analytics,Prj Data Analytics,Analytics,Data Platform,BigQuery,Storage,bq-raw-events,us-central1,788.14,GiB-month,96.98,-0.0,96.98,env=analytics;team=data-platform;owner=portfolio
2026-01-30,000000-000000-000000,prj-data-analytics,Prj Data Analytics,Analytics,Data Platform,Compute Engine,VM Instance Core,gce-legacy-reporting,asia-southeast2,2307.04,hour,280.24,-28.02,252.22,env=analytics;team=data-platform;owner=portfolio
2026-01-30,000000-000000-000000,prj-shared-services,Prj Shared Services,Shared,Shared Services,Compute Engine,Persistent Disk SSD,gce-web-02,asia-southeast2,196.62,hour,55.7,-0.0,55.7,env=shared;team=shared-services;owner=portfolio
2026-01-30,000000-000000-000000,prj-retail-prod,Prj Retail Prod,Production,Retail Platform,Cloud SQL,PostgreSQL CPU,sql-reporting,us-central1,748.86,hour,258.73,0,258.73,env=production;team=retail-platform;owner=portfolio
2026-01-31,000000-000000-000000,prj-retail-dev,Prj Retail Dev,Development,Retail Platform,Cloud Run,vCPU,run-order-api,us-central1,30.29,hour,8.99,0,8.99,env=development;team=retail-platform;owner=portfolio
2026-01-31,000000-000000-000000,prj-shared-services,Prj Shared Services,Shared,Shared Services,Cloud Logging,Log Ingestion,logging-prod,us-central1,708.2,GiB,48.77,0,48.77,env=shared;team=shared-services;owner=portfolio
2026-01-31,000000-000000-000000,prj-data-analytics,Prj Data Analytics,Analytics,Data Platform,Cloud SQL,PostgreSQL CPU,sql-user-dev,us-central1,583.6,hour,106.28,0,106.28,env=analytics;team=data-platform;owner=portfolio
2026-01-31,000000-000000-000000,prj-data-analytics,Prj Data Analytics,Analytics,Data Platform,Compute Engine,Persistent Disk SSD,gce-dev-test,asia-southeast1,373.54,hour,80.5,-0.0,80.5,env=analytics;team=data-platform;owner=portfolio
2026-01-31,000000-000000-000000,prj-data-analytics,Prj Data Analytics,Analytics,Data Platform,Compute Engine,VM Instance Core,gce-web-01,asia-southeast1,118.41,hour,41.14,-0.0,41.14,env=analytics;team=data-platform;owner=portfolio
2026-02-01,000000-000000-000000,prj-retail-dev,Prj Retail Dev,Development,Retail Platform,Cloud Storage,Standard Storage,gcs-raw-data,asia-southeast2,32.46,GiB-month,7.83,0,7.83,env=development;team=retail-platform;owner=portfolio
2026-02-01,000000-000000-000000,prj-shared-services,Prj Shared Services,Shared,Shared Services,Cloud Storage,Standard Storage,gcs-archive-temp,asia-southeast2,380.53,GiB-month,30.87,0,30.87,env=shared;team=shared-services;owner=portfolio
2026-02-01,000000-000000-000000,prj-shared-services,Prj Shared Services,Shared,Shared Services,Compute Engine,VM Instance Core,gce-web-01,asia-southeast2,1770.04,hour,119.82,-11.98,107.84,env=shared;team=shared-services;owner=portfolio
2026-02-01,000000-000000-000000,prj-retail-prod,Prj Retail Prod,Production,Retail Platform,Cloud SQL,PostgreSQL CPU,sql-user-dev,us-central1,1234.88,hour,104.08,0,104.08,env=production;team=retail-platform;owner=portfolio
2026-02-01,000000-000000-000000,prj-retail-prod,Prj Retail Prod,Production,Retail Platform,BigQuery,Analysis Slots,bq-marketing-mart,asia-southeast2,558.83,GiB-month,37.37,-0.0,37.37,env=production;team=retail-platform;owner=portfolio
2026-02-01,000000-000000-000000,prj-retail-dev,Prj Retail Dev,Development,Retail Platform,Compute Engine,Persistent Disk SSD,gce-dev-test,us-central1,587.85,hour,124.36,-0.0,124.36,env=development;team=retail-platform;owner=portfolio
2026-02-02,000000-000000-000000,prj-data-analytics,Prj Data Analytics,Analytics,Data Platform,Compute Engine,VM Instance Core,gce-batch-large,asia-southeast2,721.54,hour,139.56,-0.0,139.56,env=analytics;team=data-platform;owner=portfolio
2026-02-02,000000-000000-000000,prj-retail-dev,Prj Retail Dev,Development,Retail Platform,Cloud Logging,Log Ingestion,logging-shared,us-central1,32.14,GiB,9.86,0,9.86,env=development;team=retail-platform;owner=portfolio
2026-02-02,000000-000000-000000,prj-shared-services,Prj Shared Services,Shared,Shared Services,Cloud SQL,PostgreSQL CPU,sql-reporting,asia-southeast2,3723.74,hour,194.92,0,194.92,env=shared;team=shared-services;owner=portfolio
2026-02-02,000000-000000-000000,prj-shared-services,Prj Shared Services,Shared,Shared Services,Cloud Storage,Standard Storage,gcs-archive-temp,asia-southeast2,244.66,GiB-month,21.37,0,21.37,env=shared;team=shared-services;owner=portfolio
2026-02-02,000000-000000-000000,prj-data-analytics,Prj Data Analytics,Analytics,Data Platform,Compute Engine,Persistent Disk SSD,gce-dev-test,asia-southeast1,1098.49,hour,149.56,-0.0,149.56,env=analytics;team=data-platform;owner=portfolio
2026-02-02,000000-000000-000000,prj-retail-dev,Prj Retail Dev,Development,Retail Platform,Compute Engine,VM Instance Core,gce-web-02,us-central1,511.25,hour,39.38,-0.0,39.38,env=development;team=retail-platform;owner=portfolio
2026-02-02,000000-000000-000000,prj-retail-dev,Prj Retail Dev,Development,Retail Platform,Compute Engine,VM Instance Core,gce-web-02,asia-southeast2,350.01,hour,93.53,-4.68,88.85,env=development;team=retail-platform;owner=portfolio
2026-02-02,000000-000000-000000,prj-retail-prod,Prj Retail Prod,Production,Retail Platform,Cloud SQL,PostgreSQL CPU,sql-user-dev,asia-southeast1,564.16,hour,85.55,0,85.55,env=production;team=retail-platform;owner=portfolio
2026-02-02,000000-000000-000000,prj-retail-dev,Prj Retail Dev,Development,Retail Platform,Cloud SQL,PostgreSQL CPU,sql-orders-prod,asia-southeast2,1880.49,hour,100.89,0,100.89,env=development;team=retail-platform;owner=portfolio
2026-02-02,000000-000000-000000,prj-retail-dev,Prj Retail Dev,Development,Retail Platform,Compute Engine,VM Instance Core,gce-legacy-reporting,asia-southeast2,1684.81,hour,184.65,-18.47,166.19,env=development;team=retail-platform;owner=portfolio
2026-02-03,000000-000000-000000,prj-data-analytics,Prj Data Analytics,Analytics,Data Platform,Cloud Storage,Standard Storage,gcs-raw-data,asia-southeast1,582.74,GiB-month,31.61,0,31.61,env=analytics;team=data-platform;owner=portfolio
2026-02-03,000000-000000-000000,prj-retail-prod,Prj Retail Prod,Production,Retail Platform,Cloud Logging,Log Ingestion,logging-dev,us-central1,64.14,GiB,18.16,0,18.16,env=production;team=retail-platform;owner=portfolio
2026-02-03,000000-000000-000000,prj-retail-dev,Prj Retail Dev,Development,Retail Platform,Cloud Logging,Log Ingestion,logging-dev,asia-southeast2,366.8,GiB,42.55,0,42.55,env=development;team=retail-platform;owner=portfolio
2026-02-03,000000-000000-000000,prj-shared-services,Prj Shared Services,Shared,Shared Services,Compute Engine,VM Instance Core,gce-web-02,us-central1,328.12,hour,99.48,-9.95,89.54,env=shared;team=shared-services;owner=portfolio
2026-02-03,000000-000000-000000,prj-data-analytics,Prj Data Analytics,Analytics,Data Platform,Compute Engine,Persistent Disk SSD,gce-web-02,asia-southeast2,1826.85,hour,97.94,-0.0,97.94,env=analytics;team=data-platform;owner=portfolio
2026-02-03,000000-000000-000000,prj-shared-services,Prj Shared Services,Shared,Shared Services,Cloud SQL,PostgreSQL CPU,sql-user-dev,asia-southeast1,180.62,hour,39.02,0,39.02,env=shared;team=shared-services;owner=portfolio
2026-02-03,000000-000000-000000,prj-retail-dev,Prj Retail Dev,Development,Retail Platform,BigQuery,Storage,bq-marketing-mart,asia-southeast2,427.65,GiB-month,48.08,-2.4,45.67,env=development;team=retail-platform;owner=portfolio
2026-02-03,000000-000000-000000,prj-retail-dev,Prj Retail Dev,Development,Retail Platform,Compute Engine,Persistent Disk SSD,gce-web-02,asia-southeast1,309.4,hour,41.95,-4.19,37.75,env=development;team=retail-platform;owner=portfolio
2026-02-04,000000-000000-000000,prj-retail-prod,Prj Retail Prod,Production,Retail Platform,BigQuery,Analysis Slots,bq-raw-events,asia-southeast1,261.59,GiB-month,88.99,-0.0,88.99,env=production;team=retail-platform;owner=portfolio
2026-02-04,000000-000000-000000,prj-retail-prod,Prj Retail Prod,Production,Retail Platform,Cloud Storage,Standard Storage,gcs-backup-prod,asia-southeast2,620.43,GiB-month,43.04,0,43.04,env=production;team=retail-platform;owner=portfolio
2026-02-04,000000-000000-000000,prj-retail-dev,Prj Retail Dev,Development,Retail Platform,Compute Engine,Persistent Disk SSD,gce-web-01,asia-southeast1,163.89,hour,36.14,-0.0,36.14,env=development;team=retail-platform;owner=portfolio
2026-02-04,000000-000000-000000,prj-retail-prod,Prj Retail Prod,Production,Retail Platform,Compute Engine,VM Instance Core,gce-web-01,asia-southeast1,1016.29,hour,54.1,-0.0,54.1,env=production;team=retail-platform;owner=portfolio
2026-02-04,000000-000000-000000,prj-retail-prod,Prj Retail Prod,Production,Retail Platform,BigQuery,Analysis Slots,bq-raw-events,asia-southeast1,727.1,GiB-month,91.07,-0.0,91.07,env=production;team=retail-platform;owner=portfolio
2026-02-05,000000-000000-000000,prj-retail-prod,Prj Retail Prod,Production,Retail Platform,BigQuery,Storage,bq-raw-events,us-central1,243.54,GiB-month,58.26,-0.0,58.26,env=production;team=retail-platform;owner=portfolio
2026-02-05,000000-000000-000000,prj-retail-dev,Prj Retail Dev,Development,Retail Platform,Compute Engine,VM Instance Core,gce-legacy-reporting,us-central1,5471.52,hour,263.07,-0.0,263.07,env=development;team=retail-platform;owner=portfolio
2026-02-05,000000-000000-000000,prj-retail-dev,Prj Retail Dev,Development,Retail Platform,Compute Engine,VM Instance Core,gce-batch-large,us-central1,475.05,hour,58.25,-0.0,58.25,env=development;team=retail-platform;owner=portfolio
2026-02-05,000000-000000-000000,prj-retail-prod,Prj Retail Prod,Production,Retail Platform,BigQuery,Storage,bq-raw-events,us-central1,340.52,GiB-month,98.73,-4.94,93.79,env=production;team=retail-platform;owner=portfolio
2026-02-05,000000-000000-000000,prj-data-analytics,Prj Data Analytics,Analytics,Data Platform,Compute Engine,VM Instance Core,gce-batch-large,asia-southeast2,3469.19,hour,327.57,-16.38,311.19,env=analytics;team=data-platform;owner=portfolio
2026-02-05,000000-000000-000000,prj-retail-prod,Prj Retail Prod,Production,Retail Platform,Compute Engine,VM Instance Core,gce-web-02,asia-southeast1,409.61,hour,107.42,-5.37,102.05,env=production;team=retail-platform;owner=portfolio
2026-02-06,000000-000000-000000,prj-retail-prod,Prj Retail Prod,Production,Retail Platform,BigQuery,Analysis Slots,bq-raw-events,asia-southeast1,134.77,GiB-month,29.87,-2.99,26.89,env=production;team=retail-platform;owner=portfolio
2026-02-06,000000-000000-000000,prj-data-analytics,Prj Data Analytics,Analytics,Data Platform,Cloud SQL,PostgreSQL CPU,sql-orders-prod,us-central1,355.38,hour,92.12,0,92.12,env=analytics;team=data-platform;owner=portfolio
2026-02-06,000000-000000-000000,prj-data-analytics,Prj Data Analytics,Analytics,Data Platform,BigQuery,Storage,bq-raw-events,us-central1,110.0,GiB-month,33.41,-3.34,30.07,env=analytics;team=data-platform;owner=portfolio
2026-02-06,000000-000000-000000,prj-retail-prod,Prj Retail Prod,Production,Retail Platform,BigQuery,Analysis Slots,bq-raw-events,asia-southeast2,368.65,GiB-month,99.92,-5.0,94.93,env=production;team=retail-platform;owner=portfolio
2026-02-06,000000-000000-000000,prj-data-analytics,Prj Data Analytics,Analytics,Data Platform,Cloud SQL,PostgreSQL CPU,sql-orders-prod,asia-southeast2,2190.37,hour,95.35,0,95.35,env=analytics;team=data-platform;owner=portfolio
2026-02-07,000000-000000-000000,prj-retail-prod,Prj Retail Prod,Production,Retail Platform,Cloud SQL,PostgreSQL CPU,sql-user-dev,asia-southeast1,421.83,hour,71.01,0,71.01,env=production;team=retail-platform;owner=portfolio
2026-02-07,000000-000000-000000,prj-data-analytics,Prj Data Analytics,Analytics,Data Platform,Cloud Run,vCPU,run-order-api,asia-southeast2,28.9,hour,8.32,0,8.32,env=analytics;team=data-platform;owner=portfolio
2026-02-07,000000-000000-000000,prj-data-analytics,Prj Data Analytics,Analytics,Data Platform,Compute Engine,VM Instance Core,gce-batch-large,us-central1,1175.63,hour,170.19,-0.0,170.19,env=analytics;team=data-platform;owner=portfolio
2026-02-07,000000-000000-000000,prj-shared-services,Prj Shared Services,Shared,Shared Services,Compute Engine,VM Instance Core,gce-legacy-reporting,asia-southeast1,1087.66,hour,266.24,-13.31,252.93,env=shared;team=shared-services;owner=portfolio
2026-02-07,000000-000000-000000,prj-retail-dev,Prj Retail Dev,Development,Retail Platform,Compute Engine,Persistent Disk SSD,gce-web-01,asia-southeast2,783.75,hour,79.86,-7.99,71.88,env=development;team=retail-platform;owner=portfolio
2026-02-07,000000-000000-000000,prj-retail-dev,Prj Retail Dev,Development,Retail Platform,BigQuery,Analysis Slots,bq-raw-events,us-central1,345.82,GiB-month,23.6,-1.18,22.42,env=development;team=retail-platform;owner=portfolio
2026-02-08,000000-000000-000000,prj-retail-dev,Prj Retail Dev,Development,Retail Platform,Cloud SQL,PostgreSQL CPU,sql-user-dev,us-central1,1249.08,hour,73.83,0,73.83,env=development;team=retail-platform;owner=portfolio
2026-02-08,000000-000000-000000,prj-retail-prod,Prj Retail Prod,Production,Retail Platform,Compute Engine,Persistent Disk SSD,gce-batch-large,asia-southeast2,1349.24,hour,293.52,-29.35,264.16,env=production;team=retail-platform;owner=portfolio
2026-02-08,000000-000000-000000,prj-shared-services,Prj Shared Services,Shared,Shared Services,Cloud Storage,Standard Storage,gcs-raw-data,asia-southeast2,15.74,GiB-month,5.42,0,5.42,env=shared;team=shared-services;owner=portfolio
2026-02-08,000000-000000-000000,prj-retail-prod,Prj Retail Prod,Production,Retail Platform,Cloud Logging,Log Ingestion,logging-prod,asia-southeast2,28.1,GiB,7.08,0,7.08,env=production;team=retail-platform;owner=portfolio
2026-02-08,000000-000000-000000,prj-retail-dev,Prj Retail Dev,Development,Retail Platform,Cloud Storage,Standard Storage,gcs-backup-prod,asia-southeast1,53.71,GiB-month,6.75,0,6.75,env=development;team=retail-platform;owner=portfolio
2026-02-08,000000-000000-000000,prj-retail-prod,Prj Retail Prod,Production,Retail Platform,Cloud Run,vCPU,run-order-api,asia-southeast2,132.02,hour,28.31,0,28.31,env=production;team=retail-platform;owner=portfolio
2026-02-08,000000-000000-000000,prj-data-analytics,Prj Data Analytics,Analytics,Data Platform,Cloud SQL,PostgreSQL CPU,sql-user-dev,us-central1,322.33,hour,74.67,0,74.67,env=analytics;team=data-platform;owner=portfolio
2026-02-08,000000-000000-000000,prj-shared-services,Prj Shared Services,Shared,Shared Services,Compute Engine,VM Instance Core,gce-legacy-reporting,asia-southeast1,1627.35,hour,221.96,-11.1,210.86,env=shared;team=shared-services;owner=portfolio
2026-02-09,000000-000000-000000,prj-retail-prod,Prj Retail Prod,Production,Retail Platform,BigQuery,Storage,bq-analytics-dwh,asia-southeast1,1425.57,GiB-month,150.44,-15.04,135.4,env=production;team=retail-platform;owner=portfolio
2026-02-09,000000-000000-000000,prj-shared-services,Prj Shared Services,Shared,Shared Services,Cloud SQL,PostgreSQL CPU,sql-orders-prod,asia-southeast2,250.21,hour,78.21,0,78.21,env=shared;team=shared-services;owner=portfolio
2026-02-09,000000-000000-000000,prj-retail-dev,Prj Retail Dev,Development,Retail Platform,BigQuery,Storage,bq-analytics-dwh,asia-southeast2,446.87,GiB-month,105.9,-10.59,95.31,env=development;team=retail-platform;owner=portfolio
2026-02-09,000000-000000-000000,prj-retail-prod,Prj Retail Prod,Production,Retail Platform,BigQuery,Storage,bq-marketing-mart,us-central1,227.21,GiB-month,61.84,-3.09,58.75,env=production;team=retail-platform;owner=portfolio
2026-02-09,000000-000000-000000,prj-retail-prod,Prj Retail Prod,Production,Retail Platform,Cloud Storage,Standard Storage,gcs-raw-data,asia-southeast1,109.81,GiB-month,27.46,0,27.46,env=production;team=retail-platform;owner=portfolio
2026-02-09,000000-000000-000000,prj-shared-services,Prj Shared Services,Shared,Shared Services,Compute Engine,VM Instance Core,gce-web-01,us-central1,347.12,hour,90.58,-4.53,86.05,env=shared;team=shared-services;owner=portfolio
2026-02-09,000000-000000-000000,prj-data-analytics,Prj Data Analytics,Analytics,Data Platform,Cloud Run,vCPU,run-payment-api,asia-southeast2,74.95,hour,16.58,0,16.58,env=analytics;team=data-platform;owner=portfolio
2026-02-09,000000-000000-000000,prj-data-analytics,Prj Data Analytics,Analytics,Data Platform,Cloud Storage,Standard Storage,gcs-backup-prod,us-central1,73.08,GiB-month,17.79,0,17.79,env=analytics;team=data-platform;owner=portfolio
2026-02-09,000000-000000-000000,prj-data-analytics,Prj Data Analytics,Analytics,Data Platform,BigQuery,Storage,bq-analytics-dwh,us-central1,292.35,GiB-month,77.06,-0.0,77.06,env=analytics;team=data-platform;owner=portfolio
2026-02-09,000000-000000-000000,prj-shared-services,Prj Shared Services,Shared,Shared Services,Cloud Storage,Standard Storage,gcs-backup-prod,us-central1,233.68,GiB-month,34.21,0,34.21,env=shared;team=shared-services;owner=portfolio
2026-02-10,000000-000000-000000,prj-shared-services,Prj Shared Services,Shared,Shared Services,Cloud SQL,PostgreSQL CPU,sql-reporting,us-central1,777.78,hour,205.96,0,205.96,env=shared;team=shared-services;owner=portfolio
2026-02-10,000000-000000-000000,prj-retail-dev,Prj Retail Dev,Development,Retail Platform,Cloud SQL,PostgreSQL CPU,sql-reporting,asia-southeast2,802.53,hour,105.26,0,105.26,env=development;team=retail-platform;owner=portfolio
2026-02-10,000000-000000-000000,prj-shared-services,Prj Shared Services,Shared,Shared Services,Compute Engine,VM Instance Core,gce-dev-test,asia-southeast2,622.39,hour,104.6,-5.23,99.37,env=shared;team=shared-services;owner=portfolio
2026-02-10,000000-000000-000000,prj-retail-dev,Prj Retail Dev,Development,Retail Platform,BigQuery,Storage,bq-marketing-mart,us-central1,391.25,GiB-month,74.79,-0.0,74.79,env=development;team=retail-platform;owner=portfolio
2026-02-10,000000-000000-000000,prj-retail-dev,Prj Retail Dev,Development,Retail Platform,Cloud SQL,PostgreSQL CPU,sql-reporting,asia-southeast2,950.44,hour,267.76,0,267.76,env=development;team=retail-platform;owner=portfolio
2026-02-10,000000-000000-000000,prj-shared-services,Prj Shared Services,Shared,Shared Services,Cloud Run,vCPU,run-payment-api,us-central1,70.95,hour,22.46,0,22.46,env=shared;team=shared-services;owner=portfolio
2026-02-11,000000-000000-000000,prj-retail-prod,Prj Retail Prod,Production,Retail Platform,Compute Engine,VM Instance Core,gce-web-02,asia-southeast1,195.9,hour,57.87,-0.0,57.87,env=production;team=retail-platform;owner=portfolio
2026-02-11,000000-000000-000000,prj-data-analytics,Prj Data Analytics,Analytics,Data Platform,Cloud Logging,Log Ingestion,logging-shared,asia-southeast2,285.48,GiB,54.8,0,54.8,env=analytics;team=data-platform;owner=portfolio
2026-02-11,000000-000000-000000,prj-retail-dev,Prj Retail Dev,Development,Retail Platform,Cloud Run,vCPU,run-order-api,us-central1,120.48,hour,18.51,0,18.51,env=development;team=retail-platform;owner=portfolio
2026-02-11,000000-000000-000000,prj-retail-prod,Prj Retail Prod,Production,Retail Platform,Cloud Run,vCPU,run-report-api,us-central1,445.26,hour,20.54,0,20.54,env=production;team=retail-platform;owner=portfolio
2026-02-11,000000-000000-000000,prj-retail-prod,Prj Retail Prod,Production,Retail Platform,Cloud Run,vCPU,run-payment-api,us-central1,160.97,hour,21.47,0,21.47,env=production;team=retail-platform;owner=portfolio
2026-02-11,000000-000000-000000,prj-retail-prod,Prj Retail Prod,Production,Retail Platform,Cloud Storage,Standard Storage,gcs-archive-temp,asia-southeast2,505.11,GiB-month,38.06,0,38.06,env=production;team=retail-platform;owner=portfolio
2026-02-12,000000-000000-000000,prj-retail-dev,Prj Retail Dev,Development,Retail Platform,BigQuery,Storage,bq-marketing-mart,asia-southeast1,462.53,GiB-month,117.18,-0.0,117.18,env=development;team=retail-platform;owner=portfolio
2026-02-12,000000-000000-000000,prj-data-analytics,Prj Data Analytics,Analytics,Data Platform,BigQuery,Storage,bq-analytics-dwh,asia-southeast2,231.51,GiB-month,61.19,-0.0,61.19,env=analytics;team=data-platform;owner=portfolio
2026-02-12,000000-000000-000000,prj-data-analytics,Prj Data Analytics,Analytics,Data Platform,BigQuery,Storage,bq-marketing-mart,us-central1,303.84,GiB-month,46.08,-2.3,43.78,env=analytics;team=data-platform;owner=portfolio
2026-02-12,000000-000000-000000,prj-data-analytics,Prj Data Analytics,Analytics,Data Platform,Cloud Run,vCPU,run-report-api,asia-southeast1,41.41,hour,5.88,0,5.88,env=analytics;team=data-platform;owner=portfolio
2026-02-12,000000-000000-000000,prj-data-analytics,Prj Data Analytics,Analytics,Data Platform,Compute Engine,Persistent Disk SSD,gce-batch-large,asia-southeast2,1465.08,hour,353.29,-35.33,317.96,env=analytics;team=data-platform;owner=portfolio
2026-02-12,000000-000000-000000,prj-retail-prod,Prj Retail Prod,Production,Retail Platform,BigQuery,Analysis Slots,bq-raw-events,asia-southeast1,1227.4,GiB-month,118.06,-11.81,106.26,env=production;team=retail-platform;owner=portfolio
2026-02-12,000000-000000-000000,prj-data-analytics,Prj Data Analytics,Analytics,Data Platform,Compute Engine,VM Instance Core,gce-web-02,us-central1,355.11,hour,91.77,-0.0,91.77,env=analytics;team=data-platform;owner=portfolio
2026-02-12,000000-000000-000000,prj-retail-dev,Prj Retail Dev,Development,Retail Platform,Cloud SQL,PostgreSQL CPU,sql-reporting,us-central1,1410.98,hour,224.79,0,224.79,env=development;team=retail-platform;owner=portfolio
2026-02-13,000000-000000-000000,prj-retail-prod,Prj Retail Prod,Production,Retail Platform,Compute Engine,VM Instance Core,gce-web-02,asia-southeast2,278.02,hour,94.73,-4.74,90.0,env=production;team=retail-platform;owner=portfolio
2026-02-13,000000-000000-000000,prj-retail-dev,Prj Retail Dev,Development,Retail Platform,Cloud Run,vCPU,run-payment-api,asia-southeast1,32.36,hour,4.46,0,4.46,env=development;team=retail-platform;owner=portfolio
2026-02-13,000000-000000-000000,prj-retail-prod,Prj Retail Prod,Production,Retail Platform,Compute Engine,Persistent Disk SSD,gce-legacy-reporting,asia-southeast1,643.34,hour,156.28,-0.0,156.28,env=production;team=retail-platform;owner=portfolio
2026-02-13,000000-000000-000000,prj-data-analytics,Prj Data Analytics,Analytics,Data Platform,Cloud SQL,PostgreSQL CPU,sql-orders-prod,asia-southeast1,691.77,hour,105.58,0,105.58,env=analytics;team=data-platform;owner=portfolio
2026-02-13,000000-000000-000000,prj-retail-prod,Prj Retail Prod,Production,Retail Platform,Compute Engine,Persistent Disk SSD,gce-web-02,asia-southeast2,522.04,hour,28.29,-0.0,28.29,env=production;team=retail-platform;owner=portfolio
2026-02-13,000000-000000-000000,prj-shared-services,Prj Shared Services,Shared,Shared Services,BigQuery,Analysis Slots,bq-raw-events,asia-southeast2,319.05,GiB-month,57.97,-0.0,57.97,env=shared;team=shared-services;owner=portfolio
2026-02-13,000000-000000-000000,prj-data-analytics,Prj Data Analytics,Analytics,Data Platform,Compute Engine,Persistent Disk SSD,gce-legacy-reporting,asia-southeast2,228.34,hour,77.36,-0.0,77.36,env=analytics;team=data-platform;owner=portfolio
2026-02-13,000000-000000-000000,prj-retail-prod,Prj Retail Prod,Production,Retail Platform,Cloud Run,vCPU,run-report-api,asia-southeast1,228.07,hour,18.2,0,18.2,env=production;team=retail-platform;owner=portfolio
2026-02-13,000000-000000-000000,prj-data-analytics,Prj Data Analytics,Analytics,Data Platform,Cloud Run,vCPU,run-payment-api,asia-southeast2,160.66,hour,28.98,0,28.98,env=analytics;team=data-platform;owner=portfolio
2026-02-14,000000-000000-000000,prj-shared-services,Prj Shared Services,Shared,Shared Services,Cloud Storage,Standard Storage,gcs-archive-temp,us-central1,130.84,GiB-month,34.21,0,34.21,env=shared;team=shared-services;owner=portfolio
2026-02-14,000000-000000-000000,prj-data-analytics,Prj Data Analytics,Analytics,Data Platform,BigQuery,Analysis Slots,bq-raw-events,us-central1,539.53,GiB-month,115.62,-5.78,109.84,env=analytics;team=data-platform;owner=portfolio
2026-02-14,000000-000000-000000,prj-shared-services,Prj Shared Services,Shared,Shared Services,Cloud Storage,Standard Storage,gcs-backup-prod,asia-southeast2,18.48,GiB-month,5.04,0,5.04,env=shared;team=shared-services;owner=portfolio
2026-02-14,000000-000000-000000,prj-data-analytics,Prj Data Analytics,Analytics,Data Platform,Cloud Storage,Standard Storage,gcs-raw-data,us-central1,224.34,GiB-month,16.1,0,16.1,env=analytics;team=data-platform;owner=portfolio
2026-02-14,000000-000000-000000,prj-retail-dev,Prj Retail Dev,Development,Retail Platform,Cloud Run,vCPU,run-order-api,us-central1,19.6,hour,3.32,0,3.32,env=development;team=retail-platform;owner=portfolio
2026-02-14,000000-000000-000000,prj-data-analytics,Prj Data Analytics,Analytics,Data Platform,Compute Engine,VM Instance Core,gce-web-01,us-central1,460.31,hour,126.16,-6.31,119.86,env=analytics;team=data-platform;owner=portfolio
2026-02-15,000000-000000-000000,prj-retail-dev,Prj Retail Dev,Development,Retail Platform,BigQuery,Storage,bq-marketing-mart,us-central1,684.24,GiB-month,118.26,-0.0,118.26,env=development;team=retail-platform;owner=portfolio
2026-02-15,000000-000000-000000,prj-data-analytics,Prj Data Analytics,Analytics,Data Platform,BigQuery,Analysis Slots,bq-analytics-dwh,us-central1,286.55,GiB-month,80.19,-0.0,80.19,env=analytics;team=data-platform;owner=portfolio
2026-02-15,000000-000000-000000,prj-data-analytics,Prj Data Analytics,Analytics,Data Platform,Cloud Logging,Log Ingestion,logging-shared,asia-southeast2,105.98,GiB,30.07,0,30.07,env=analytics;team=data-platform;owner=portfolio
2026-02-15,000000-000000-000000,prj-shared-services,Prj Shared Services,Shared,Shared Services,Cloud Run,vCPU,run-order-api,asia-southeast1,44.12,hour,10.22,0,10.22,env=shared;team=shared-services;owner=portfolio
2026-02-15,000000-000000-000000,prj-retail-prod,Prj Retail Prod,Production,Retail Platform,Compute Engine,Persistent Disk SSD,gce-batch-large,us-central1,1042.89,hour,166.47,-0.0,166.47,env=production;team=retail-platform;owner=portfolio
2026-02-15,000000-000000-000000,prj-data-analytics,Prj Data Analytics,Analytics,Data Platform,Compute Engine,VM Instance Core,gce-dev-test,asia-southeast2,980.05,hour,136.52,-0.0,136.52,env=analytics;team=data-platform;owner=portfolio
2026-02-15,000000-000000-000000,prj-retail-prod,Prj Retail Prod,Production,Retail Platform,BigQuery,Analysis Slots,bq-raw-events,us-central1,779.22,GiB-month,80.83,-0.0,80.83,env=production;team=retail-platform;owner=portfolio
2026-02-15,000000-000000-000000,prj-shared-services,Prj Shared Services,Shared,Shared Services,Compute Engine,Persistent Disk SSD,gce-web-02,asia-southeast2,142.67,hour,31.14,-0.0,31.14,env=shared;team=shared-services;owner=portfolio
2026-02-15,000000-000000-000000,prj-data-analytics,Prj Data Analytics,Analytics,Data Platform,Cloud Run,vCPU,run-payment-api,asia-southeast2,20.18,hour,5.31,0,5.31,env=analytics;team=data-platform;owner=portfolio
2026-02-15,000000-000000-000000,prj-retail-prod,Prj Retail Prod,Production,Retail Platform,Compute Engine,Persistent Disk SSD,gce-batch-large,asia-southeast2,1056.05,hour,311.39,-31.14,280.25,env=production;team=retail-platform;owner=portfolio
2026-02-16,000000-000000-000000,prj-retail-dev,Prj Retail Dev,Development,Retail Platform,BigQuery,Storage,bq-analytics-dwh,asia-southeast2,777.2,GiB-month,261.75,-13.09,248.67,env=development;team=retail-platform;owner=portfolio
2026-02-16,000000-000000-000000,prj-retail-dev,Prj Retail Dev,Development,Retail Platform,Compute Engine,Persistent Disk SSD,gce-web-01,us-central1,271.34,hour,28.66,-1.43,27.23,env=development;team=retail-platform;owner=portfolio
2026-02-16,000000-000000-000000,prj-retail-dev,Prj Retail Dev,Development,Retail Platform,BigQuery,Analysis Slots,bq-analytics-dwh,asia-southeast2,1115.64,GiB-month,267.58,-26.76,240.83,env=development;team=retail-platform;owner=portfolio
2026-02-16,000000-000000-000000,prj-data-analytics,Prj Data Analytics,Analytics,Data Platform,Compute Engine,Persistent Disk SSD,gce-batch-large,asia-southeast1,209.29,hour,66.77,-0.0,66.77,env=analytics;team=data-platform;owner=portfolio
2026-02-16,000000-000000-000000,prj-shared-services,Prj Shared Services,Shared,Shared Services,Cloud Logging,Log Ingestion,logging-dev,asia-southeast2,112.57,GiB,19.45,0,19.45,env=shared;team=shared-services;owner=portfolio
2026-02-16,000000-000000-000000,prj-data-analytics,Prj Data Analytics,Analytics,Data Platform,BigQuery,Storage,bq-analytics-dwh,asia-southeast1,1155.84,GiB-month,174.77,-17.48,157.3,env=analytics;team=data-platform;owner=portfolio
2026-02-16,000000-000000-000000,prj-shared-services,Prj Shared Services,Shared,Shared Services,Compute Engine,Persistent Disk SSD,gce-web-02,asia-southeast2,426.41,hour,113.21,-0.0,113.21,env=shared;team=shared-services;owner=portfolio
2026-02-16,000000-000000-000000,prj-retail-prod,Prj Retail Prod,Production,Retail Platform,Cloud Run,vCPU,run-report-api,asia-southeast1,198.79,hour,17.11,0,17.11,env=production;team=retail-platform;owner=portfolio
2026-02-17,000000-000000-000000,prj-data-analytics,Prj Data Analytics,Analytics,Data Platform,BigQuery,Analysis Slots,bq-marketing-mart,asia-southeast2,89.21,GiB-month,24.51,-0.0,24.51,env=analytics;team=data-platform;owner=portfolio
2026-02-17,000000-000000-000000,prj-shared-services,Prj Shared Services,Shared,Shared Services,BigQuery,Analysis Slots,bq-analytics-dwh,asia-southeast1,1032.93,GiB-month,115.53,-11.55,103.97,env=shared;team=shared-services;owner=portfolio
2026-02-17,000000-000000-000000,prj-data-analytics,Prj Data Analytics,Analytics,Data Platform,BigQuery,Storage,bq-analytics-dwh,us-central1,1495.37,GiB-month,107.67,-5.38,102.28,env=analytics;team=data-platform;owner=portfolio
2026-02-17,000000-000000-000000,prj-data-analytics,Prj Data Analytics,Analytics,Data Platform,Cloud Storage,Standard Storage,gcs-archive-temp,asia-southeast1,153.88,GiB-month,30.8,0,30.8,env=analytics;team=data-platform;owner=portfolio
2026-02-17,000000-000000-000000,prj-retail-dev,Prj Retail Dev,Development,Retail Platform,Cloud Run,vCPU,run-payment-api,asia-southeast2,12.39,hour,2.18,0,2.18,env=development;team=retail-platform;owner=portfolio
2026-02-17,000000-000000-000000,prj-retail-prod,Prj Retail Prod,Production,Retail Platform,Cloud Storage,Standard Storage,gcs-raw-data,asia-southeast2,201.47,GiB-month,28.68,0,28.68,env=production;team=retail-platform;owner=portfolio
2026-02-18,000000-000000-000000,prj-shared-services,Prj Shared Services,Shared,Shared Services,Cloud Logging,Log Ingestion,logging-prod,us-central1,413.41,GiB,33.8,0,33.8,env=shared;team=shared-services;owner=portfolio
2026-02-18,000000-000000-000000,prj-retail-prod,Prj Retail Prod,Production,Retail Platform,BigQuery,Analysis Slots,bq-analytics-dwh,asia-southeast2,885.76,GiB-month,295.53,-14.78,280.76,env=production;team=retail-platform;owner=portfolio
2026-02-18,000000-000000-000000,prj-shared-services,Prj Shared Services,Shared,Shared Services,Cloud Logging,Log Ingestion,logging-dev,asia-southeast1,50.95,GiB,12.46,0,12.46,env=shared;team=shared-services;owner=portfolio
2026-02-18,000000-000000-000000,prj-retail-dev,Prj Retail Dev,Development,Retail Platform,Cloud SQL,PostgreSQL CPU,sql-user-dev,us-central1,120.79,hour,38.88,0,38.88,env=development;team=retail-platform;owner=portfolio
2026-02-18,000000-000000-000000,prj-shared-services,Prj Shared Services,Shared,Shared Services,BigQuery,Analysis Slots,bq-raw-events,us-central1,943.06,GiB-month,64.97,-0.0,64.97,env=shared;team=shared-services;owner=portfolio
2026-02-18,000000-000000-000000,prj-retail-dev,Prj Retail Dev,Development,Retail Platform,Compute Engine,VM Instance Core,gce-legacy-reporting,us-central1,1646.94,hour,244.84,-24.48,220.35,env=development;team=retail-platform;owner=portfolio
2026-02-18,000000-000000-000000,prj-retail-prod,Prj Retail Prod,Production,Retail Platform,Cloud Run,vCPU,run-order-api,asia-southeast2,156.37,hour,18.75,0,18.75,env=production;team=retail-platform;owner=portfolio
2026-02-18,000000-000000-000000,prj-retail-prod,Prj Retail Prod,Production,Retail Platform,Compute Engine,Persistent Disk SSD,gce-dev-test,us-central1,239.25,hour,28.95,-1.45,27.5,env=production;team=retail-platform;owner=portfolio
2026-02-19,000000-000000-000000,prj-data-analytics,Prj Data Analytics,Analytics,Data Platform,Cloud Storage,Standard Storage,gcs-archive-temp,asia-southeast1,140.22,GiB-month,26.64,0,26.64,env=analytics;team=data-platform;owner=portfolio
2026-02-19,000000-000000-000000,prj-data-analytics,Prj Data Analytics,Analytics,Data Platform,Cloud Run,vCPU,run-report-api,us-central1,336.59,hour,23.93,0,23.93,env=analytics;team=data-platform;owner=portfolio
2026-02-19,000000-000000-000000,prj-shared-services,Prj Shared Services,Shared,Shared Services,Cloud SQL,PostgreSQL CPU,sql-reporting,us-central1,908.96,hour,169.26,0,169.26,env=shared;team=shared-services;owner=portfolio
2026-02-19,000000-000000-000000,prj-shared-services,Prj Shared Services,Shared,Shared Services,Compute Engine,Persistent Disk SSD,gce-web-01,us-central1,240.71,hour,62.73,-3.14,59.59,env=shared;team=shared-services;owner=portfolio
2026-02-19,000000-000000-000000,prj-retail-prod,Prj Retail Prod,Production,Retail Platform,BigQuery,Analysis Slots,bq-raw-events,us-central1,69.89,GiB-month,16.12,-0.0,16.12,env=production;team=retail-platform;owner=portfolio
2026-02-19,000000-000000-000000,prj-retail-prod,Prj Retail Prod,Production,Retail Platform,Cloud SQL,PostgreSQL CPU,sql-orders-prod,asia-southeast2,325.75,hour,53.97,0,53.97,env=production;team=retail-platform;owner=portfolio
2026-02-19,000000-000000-000000,prj-retail-prod,Prj Retail Prod,Production,Retail Platform,Compute Engine,Persistent Disk SSD,gce-web-01,asia-southeast2,441.05,hour,100.55,-0.0,100.55,env=production;team=retail-platform;owner=portfolio
2026-02-19,000000-000000-000000,prj-shared-services,Prj Shared Services,Shared,Shared Services,Cloud Run,vCPU,run-report-api,us-central1,210.94,hour,16.09,0,16.09,env=shared;team=shared-services;owner=portfolio
2026-02-20,000000-000000-000000,prj-data-analytics,Prj Data Analytics,Analytics,Data Platform,Cloud Logging,Log Ingestion,logging-dev,asia-southeast2,121.48,GiB,26.96,0,26.96,env=analytics;team=data-platform;owner=portfolio
2026-02-20,000000-000000-000000,prj-shared-services,Prj Shared Services,Shared,Shared Services,Compute Engine,Persistent Disk SSD,gce-batch-large,asia-southeast1,393.5,hour,101.23,-0.0,101.23,env=shared;team=shared-services;owner=portfolio
2026-02-20,000000-000000-000000,prj-retail-dev,Prj Retail Dev,Development,Retail Platform,Cloud Storage,Standard Storage,gcs-raw-data,us-central1,167.25,GiB-month,18.02,0,18.02,env=development;team=retail-platform;owner=portfolio
2026-02-20,000000-000000-000000,prj-data-analytics,Prj Data Analytics,Analytics,Data Platform,BigQuery,Analysis Slots,bq-raw-events,asia-southeast2,995.39,GiB-month,110.54,-0.0,110.54,env=analytics;team=data-platform;owner=portfolio
2026-02-20,000000-000000-000000,prj-data-analytics,Prj Data Analytics,Analytics,Data Platform,BigQuery,Analysis Slots,bq-analytics-dwh,asia-southeast1,411.46,GiB-month,63.81,-6.38,57.43,env=analytics;team=data-platform;owner=portfolio
2026-02-20,000000-000000-000000,prj-shared-services,Prj Shared Services,Shared,Shared Services,Cloud Storage,Standard Storage,gcs-backup-prod,asia-southeast1,122.95,GiB-month,24.96,0,24.96,env=shared;team=shared-services;owner=portfolio
2026-02-20,000000-000000-000000,prj-shared-services,Prj Shared Services,Shared,Shared Services,Compute Engine,VM Instance Core,gce-dev-test,asia-southeast2,291.11,hour,73.84,-3.69,70.15,env=shared;team=shared-services;owner=portfolio
2026-02-21,000000-000000-000000,prj-retail-dev,Prj Retail Dev,Development,Retail Platform,Cloud Run,vCPU,run-report-api,asia-southeast1,27.76,hour,9.36,0,9.36,env=development;team=retail-platform;owner=portfolio
2026-02-21,000000-000000-000000,prj-data-analytics,Prj Data Analytics,Analytics,Data Platform,BigQuery,Analysis Slots,bq-marketing-mart,us-central1,171.74,GiB-month,59.0,-0.0,59.0,env=analytics;team=data-platform;owner=portfolio
2026-02-21,000000-000000-000000,prj-retail-dev,Prj Retail Dev,Development,Retail Platform,Compute Engine,Persistent Disk SSD,gce-batch-large,asia-southeast1,2994.14,hour,283.69,-0.0,283.69,env=development;team=retail-platform;owner=portfolio
2026-02-21,000000-000000-000000,prj-retail-dev,Prj Retail Dev,Development,Retail Platform,Cloud SQL,PostgreSQL CPU,sql-user-dev,asia-southeast1,228.66,hour,66.83,0,66.83,env=development;team=retail-platform;owner=portfolio
2026-02-21,000000-000000-000000,prj-retail-prod,Prj Retail Prod,Production,Retail Platform,Cloud Logging,Log Ingestion,logging-shared,us-central1,51.96,GiB,4.03,0,4.03,env=production;team=retail-platform;owner=portfolio
2026-02-21,000000-000000-000000,prj-retail-dev,Prj Retail Dev,Development,Retail Platform,BigQuery,Analysis Slots,bq-marketing-mart,asia-southeast2,466.28,GiB-month,85.69,-4.28,81.4,env=development;team=retail-platform;owner=portfolio
2026-02-21,000000-000000-000000,prj-retail-dev,Prj Retail Dev,Development,Retail Platform,Cloud SQL,PostgreSQL CPU,sql-user-dev,asia-southeast1,235.05,hour,32.49,0,32.49,env=development;team=retail-platform;owner=portfolio
2026-02-21,000000-000000-000000,prj-data-analytics,Prj Data Analytics,Analytics,Data Platform,Cloud Run,vCPU,run-payment-api,asia-southeast2,180.54,hour,16.59,0,16.59,env=analytics;team=data-platform;owner=portfolio
2026-02-21,000000-000000-000000,prj-retail-dev,Prj Retail Dev,Development,Retail Platform,BigQuery,Storage,bq-raw-events,asia-southeast2,443.34,GiB-month,93.11,-9.31,83.8,env=development;team=retail-platform;owner=portfolio
2026-02-21,000000-000000-000000,prj-shared-services,Prj Shared Services,Shared,Shared Services,Compute Engine,Persistent Disk SSD,gce-web-01,asia-southeast2,353.16,hour,62.64,-3.13,59.51,env=shared;team=shared-services;owner=portfolio
2026-02-22,000000-000000-000000,prj-retail-dev,Prj Retail Dev,Development,Retail Platform,Compute Engine,VM Instance Core,gce-web-01,asia-southeast2,550.29,hour,115.59,-5.78,109.81,env=development;team=retail-platform;owner=portfolio
2026-02-22,000000-000000-000000,prj-retail-dev,Prj Retail Dev,Development,Retail Platform,Cloud Logging,Log Ingestion,logging-shared,asia-southeast2,265.51,GiB,50.26,0,50.26,env=development;team=retail-platform;owner=portfolio
2026-02-22,000000-000000-000000,prj-retail-prod,Prj Retail Prod,Production,Retail Platform,Cloud Logging,Log Ingestion,logging-dev,asia-southeast1,321.23,GiB,47.09,0,47.09,env=production;team=retail-platform;owner=portfolio
2026-02-22,000000-000000-000000,prj-retail-prod,Prj Retail Prod,Production,Retail Platform,Cloud Logging,Log Ingestion,logging-dev,us-central1,320.01,GiB,31.51,0,31.51,env=production;team=retail-platform;owner=portfolio
2026-02-22,000000-000000-000000,prj-shared-services,Prj Shared Services,Shared,Shared Services,Cloud Run,vCPU,run-order-api,us-central1,81.95,hour,9.36,0,9.36,env=shared;team=shared-services;owner=portfolio
2026-02-22,000000-000000-000000,prj-data-analytics,Prj Data Analytics,Analytics,Data Platform,Cloud Storage,Standard Storage,gcs-archive-temp,us-central1,88.15,GiB-month,20.93,0,20.93,env=analytics;team=data-platform;owner=portfolio
2026-02-23,000000-000000-000000,prj-data-analytics,Prj Data Analytics,Analytics,Data Platform,Cloud Logging,Log Ingestion,logging-prod,asia-southeast1,224.35,GiB,17.67,0,17.67,env=analytics;team=data-platform;owner=portfolio
2026-02-23,000000-000000-000000,prj-retail-prod,Prj Retail Prod,Production,Retail Platform,BigQuery,Storage,bq-analytics-dwh,asia-southeast2,986.96,GiB-month,140.52,-0.0,140.52,env=production;team=retail-platform;owner=portfolio
2026-02-23,000000-000000-000000,prj-retail-prod,Prj Retail Prod,Production,Retail Platform,Cloud Storage,Standard Storage,gcs-backup-prod,us-central1,152.68,GiB-month,11.88,0,11.88,env=production;team=retail-platform;owner=portfolio
2026-02-23,000000-000000-000000,prj-retail-dev,Prj Retail Dev,Development,Retail Platform,Cloud Run,vCPU,run-payment-api,asia-southeast1,44.26,hour,4.63,0,4.63,env=development;team=retail-platform;owner=portfolio
2026-02-23,000000-000000-000000,prj-data-analytics,Prj Data Analytics,Analytics,Data Platform,Cloud SQL,PostgreSQL CPU,sql-orders-prod,asia-southeast2,784.39,hour,79.7,0,79.7,env=analytics;team=data-platform;owner=portfolio
2026-02-23,000000-000000-000000,prj-retail-dev,Prj Retail Dev,Development,Retail Platform,Compute Engine,Persistent Disk SSD,gce-web-02,us-central1,327.74,hour,111.54,-0.0,111.54,env=development;team=retail-platform;owner=portfolio
2026-02-23,000000-000000-000000,prj-shared-services,Prj Shared Services,Shared,Shared Services,BigQuery,Analysis Slots,bq-marketing-mart,us-central1,702.47,GiB-month,41.12,-0.0,41.12,env=shared;team=shared-services;owner=portfolio
2026-02-23,000000-000000-000000,prj-retail-dev,Prj Retail Dev,Development,Retail Platform,Compute Engine,Persistent Disk SSD,gce-web-02,asia-southeast1,1981.91,hour,92.4,-0.0,92.4,env=development;team=retail-platform;owner=portfolio
2026-02-24,000000-000000-000000,prj-retail-dev,Prj Retail Dev,Development,Retail Platform,Cloud Storage,Standard Storage,gcs-raw-data,us-central1,108.84,GiB-month,16.08,0,16.08,env=development;team=retail-platform;owner=portfolio
2026-02-24,000000-000000-000000,prj-shared-services,Prj Shared Services,Shared,Shared Services,Cloud Storage,Standard Storage,gcs-archive-temp,asia-southeast2,44.37,GiB-month,6.82,0,6.82,env=shared;team=shared-services;owner=portfolio
2026-02-24,000000-000000-000000,prj-shared-services,Prj Shared Services,Shared,Shared Services,BigQuery,Analysis Slots,bq-analytics-dwh,asia-southeast1,674.29,GiB-month,136.52,-0.0,136.52,env=shared;team=shared-services;owner=portfolio
2026-02-24,000000-000000-000000,prj-retail-dev,Prj Retail Dev,Development,Retail Platform,Cloud Storage,Standard Storage,gcs-backup-prod,asia-southeast2,83.32,GiB-month,7.95,0,7.95,env=development;team=retail-platform;owner=portfolio
2026-02-24,000000-000000-000000,prj-retail-dev,Prj Retail Dev,Development,Retail Platform,Compute Engine,Persistent Disk SSD,gce-legacy-reporting,us-central1,786.85,hour,120.84,-0.0,120.84,env=development;team=retail-platform;owner=portfolio
2026-02-24,000000-000000-000000,prj-retail-prod,Prj Retail Prod,Production,Retail Platform,Compute Engine,VM Instance Core,gce-web-02,us-central1,388.56,hour,114.56,-11.46,103.1,env=production;team=retail-platform;owner=portfolio
2026-02-24,000000-000000-000000,prj-retail-prod,Prj Retail Prod,Production,Retail Platform,Cloud Storage,Standard Storage,gcs-archive-temp,us-central1,62.16,GiB-month,16.46,0,16.46,env=production;team=retail-platform;owner=portfolio
2026-02-25,000000-000000-000000,prj-retail-dev,Prj Retail Dev,Development,Retail Platform,BigQuery,Storage,bq-raw-events,us-central1,300.5,GiB-month,74.85,-3.74,71.11,env=development;team=retail-platform;owner=portfolio
2026-02-25,000000-000000-000000,prj-shared-services,Prj Shared Services,Shared,Shared Services,Compute Engine,Persistent Disk SSD,gce-web-02,us-central1,414.69,hour,132.6,-6.63,125.97,env=shared;team=shared-services;owner=portfolio
2026-02-25,000000-000000-000000,prj-data-analytics,Prj Data Analytics,Analytics,Data Platform,Cloud SQL,PostgreSQL CPU,sql-user-dev,us-central1,320.45,hour,88.88,0,88.88,env=analytics;team=data-platform;owner=portfolio
2026-02-25,000000-000000-000000,prj-data-analytics,Prj Data Analytics,Analytics,Data Platform,Cloud SQL,PostgreSQL CPU,sql-user-dev,asia-southeast1,368.47,hour,128.21,0,128.21,env=analytics;team=data-platform;owner=portfolio
2026-02-25,000000-000000-000000,prj-retail-prod,Prj Retail Prod,Production,Retail Platform,Cloud Storage,Standard Storage,gcs-raw-data,us-central1,179.51,GiB-month,35.63,0,35.63,env=production;team=retail-platform;owner=portfolio
2026-02-25,000000-000000-000000,prj-retail-dev,Prj Retail Dev,Development,Retail Platform,Compute Engine,Persistent Disk SSD,gce-web-01,asia-southeast1,1296.07,hour,88.77,-4.44,84.33,env=development;team=retail-platform;owner=portfolio
2026-02-25,000000-000000-000000,prj-retail-dev,Prj Retail Dev,Development,Retail Platform,Compute Engine,Persistent Disk SSD,gce-batch-large,us-central1,5847.61,hour,301.65,-15.08,286.57,env=development;team=retail-platform;owner=portfolio
2026-02-25,000000-000000-000000,prj-shared-services,Prj Shared Services,Shared,Shared Services,Compute Engine,Persistent Disk SSD,gce-web-01,us-central1,550.76,hour,149.69,-0.0,149.69,env=shared;team=shared-services;owner=portfolio
2026-02-26,000000-000000-000000,prj-shared-services,Prj Shared Services,Shared,Shared Services,Compute Engine,VM Instance Core,gce-batch-large,us-central1,677.27,hour,230.96,-23.1,207.87,env=shared;team=shared-services;owner=portfolio
2026-02-26,000000-000000-000000,prj-retail-prod,Prj Retail Prod,Production,Retail Platform,BigQuery,Storage,bq-marketing-mart,asia-southeast1,464.64,GiB-month,56.4,-5.64,50.76,env=production;team=retail-platform;owner=portfolio
2026-02-26,000000-000000-000000,prj-shared-services,Prj Shared Services,Shared,Shared Services,BigQuery,Analysis Slots,bq-analytics-dwh,asia-southeast1,1255.46,GiB-month,78.1,-0.0,78.1,env=shared;team=shared-services;owner=portfolio
2026-02-26,000000-000000-000000,prj-data-analytics,Prj Data Analytics,Analytics,Data Platform,Compute Engine,Persistent Disk SSD,gce-web-01,asia-southeast1,1261.73,hour,116.67,-5.83,110.84,env=analytics;team=data-platform;owner=portfolio
2026-02-26,000000-000000-000000,prj-shared-services,Prj Shared Services,Shared,Shared Services,BigQuery,Analysis Slots,bq-marketing-mart,asia-southeast2,374.75,GiB-month,100.91,-0.0,100.91,env=shared;team=shared-services;owner=portfolio
2026-02-27,000000-000000-000000,prj-retail-dev,Prj Retail Dev,Development,Retail Platform,Cloud Storage,Standard Storage,gcs-raw-data,us-central1,156.22,GiB-month,16.51,0,16.51,env=development;team=retail-platform;owner=portfolio
2026-02-27,000000-000000-000000,prj-data-analytics,Prj Data Analytics,Analytics,Data Platform,Cloud Logging,Log Ingestion,logging-shared,asia-southeast2,701.27,GiB,37.5,0,37.5,env=analytics;team=data-platform;owner=portfolio
2026-02-27,000000-000000-000000,prj-retail-prod,Prj Retail Prod,Production,Retail Platform,Cloud Storage,Standard Storage,gcs-raw-data,us-central1,49.77,GiB-month,6.18,0,6.18,env=production;team=retail-platform;owner=portfolio
2026-02-27,000000-000000-000000,prj-data-analytics,Prj Data Analytics,Analytics,Data Platform,Compute Engine,Persistent Disk SSD,gce-web-01,us-central1,350.12,hour,66.61,-3.33,63.28,env=analytics;team=data-platform;owner=portfolio
2026-02-27,000000-000000-000000,prj-retail-prod,Prj Retail Prod,Production,Retail Platform,BigQuery,Analysis Slots,bq-analytics-dwh,asia-southeast2,450.55,GiB-month,121.99,-12.2,109.79,env=production;team=retail-platform;owner=portfolio
2026-02-27,000000-000000-000000,prj-data-analytics,Prj Data Analytics,Analytics,Data Platform,Cloud SQL,PostgreSQL CPU,sql-user-dev,asia-southeast2,248.51,hour,77.63,0,77.63,env=analytics;team=data-platform;owner=portfolio
2026-02-27,000000-000000-000000,prj-data-analytics,Prj Data Analytics,Analytics,Data Platform,BigQuery,Storage,bq-analytics-dwh,us-central1,874.92,GiB-month,148.19,-0.0,148.19,env=analytics;team=data-platform;owner=portfolio
2026-02-27,000000-000000-000000,prj-retail-dev,Prj Retail Dev,Development,Retail Platform,Cloud Run,vCPU,run-payment-api,asia-southeast2,20.41,hour,5.88,0,5.88,env=development;team=retail-platform;owner=portfolio
2026-02-27,000000-000000-000000,prj-data-analytics,Prj Data Analytics,Analytics,Data Platform,BigQuery,Analysis Slots,bq-marketing-mart,asia-southeast2,1209.87,GiB-month,117.46,-0.0,117.46,env=analytics;team=data-platform;owner=portfolio
2026-02-28,000000-000000-000000,prj-retail-prod,Prj Retail Prod,Production,Retail Platform,Cloud SQL,PostgreSQL CPU,sql-user-dev,asia-southeast2,1277.49,hour,111.28,0,111.28,env=production;team=retail-platform;owner=portfolio
2026-02-28,000000-000000-000000,prj-retail-prod,Prj Retail Prod,Production,Retail Platform,BigQuery,Analysis Slots,bq-analytics-dwh,us-central1,1409.57,GiB-month,213.37,-0.0,213.37,env=production;team=retail-platform;owner=portfolio
2026-02-28,000000-000000-000000,prj-shared-services,Prj Shared Services,Shared,Shared Services,BigQuery,Analysis Slots,bq-raw-events,asia-southeast2,642.78,GiB-month,64.22,-0.0,64.22,env=shared;team=shared-services;owner=portfolio
2026-02-28,000000-000000-000000,prj-shared-services,Prj Shared Services,Shared,Shared Services,Compute Engine,VM Instance Core,gce-batch-large,asia-southeast1,1361.87,hour,420.56,-42.06,378.5,env=shared;team=shared-services;owner=portfolio
2026-02-28,000000-000000-000000,prj-data-analytics,Prj Data Analytics,Analytics,Data Platform,Cloud Logging,Log Ingestion,logging-prod,us-central1,70.96,GiB,23.5,0,23.5,env=analytics;team=data-platform;owner=portfolio
2026-02-28,000000-000000-000000,prj-retail-prod,Prj Retail Prod,Production,Retail Platform,Compute Engine,Persistent Disk SSD,gce-legacy-reporting,us-central1,684.87,hour,136.97,-13.7,123.28,env=production;team=retail-platform;owner=portfolio
2026-02-28,000000-000000-000000,prj-retail-prod,Prj Retail Prod,Production,Retail Platform,BigQuery,Storage,bq-marketing-mart,asia-southeast2,424.84,GiB-month,107.86,-0.0,107.86,env=production;team=retail-platform;owner=portfolio
2026-02-28,000000-000000-000000,prj-shared-services,Prj Shared Services,Shared,Shared Services,Cloud Logging,Log Ingestion,logging-prod,asia-southeast1,59.67,GiB,10.04,0,10.04,env=shared;team=shared-services;owner=portfolio
2026-02-28,000000-000000-000000,prj-retail-prod,Prj Retail Prod,Production,Retail Platform,BigQuery,Analysis Slots,bq-marketing-mart,asia-southeast2,341.94,GiB-month,89.83,-0.0,89.83,env=production;team=retail-platform;owner=portfolio
2026-02-28,000000-000000-000000,prj-retail-prod,Prj Retail Prod,Production,Retail Platform,Compute Engine,Persistent Disk SSD,gce-legacy-reporting,asia-southeast2,3558.32,hour,190.76,-19.08,171.69,env=production;team=retail-platform;owner=portfolio
2026-03-01,000000-000000-000000,prj-retail-dev,Prj Retail Dev,Development,Retail Platform,BigQuery,Analysis Slots,bq-analytics-dwh,asia-southeast2,652.18,GiB-month,207.75,-0.0,207.75,env=development;team=retail-platform;owner=portfolio
2026-03-01,000000-000000-000000,prj-retail-prod,Prj Retail Prod,Production,Retail Platform,Cloud Storage,Standard Storage,gcs-raw-data,asia-southeast1,118.1,GiB-month,26.28,0,26.28,env=production;team=retail-platform;owner=portfolio
2026-03-01,000000-000000-000000,prj-shared-services,Prj Shared Services,Shared,Shared Services,Cloud Run,vCPU,run-payment-api,asia-southeast2,65.42,hour,19.35,0,19.35,env=shared;team=shared-services;owner=portfolio
2026-03-01,000000-000000-000000,prj-retail-dev,Prj Retail Dev,Development,Retail Platform,BigQuery,Analysis Slots,bq-analytics-dwh,asia-southeast2,689.37,GiB-month,50.84,-0.0,50.84,env=development;team=retail-platform;owner=portfolio
2026-03-01,000000-000000-000000,prj-retail-dev,Prj Retail Dev,Development,Retail Platform,Cloud Storage,Standard Storage,gcs-archive-temp,asia-southeast2,181.09,GiB-month,27.46,0,27.46,env=development;team=retail-platform;owner=portfolio
2026-03-01,000000-000000-000000,prj-retail-prod,Prj Retail Prod,Production,Retail Platform,Cloud Storage,Standard Storage,gcs-backup-prod,us-central1,82.91,GiB-month,6.77,0,6.77,env=production;team=retail-platform;owner=portfolio
2026-03-01,000000-000000-000000,prj-data-analytics,Prj Data Analytics,Analytics,Data Platform,Cloud SQL,PostgreSQL CPU,sql-reporting,us-central1,1013.07,hour,68.06,0,68.06,env=analytics;team=data-platform;owner=portfolio
2026-03-02,000000-000000-000000,prj-data-analytics,Prj Data Analytics,Analytics,Data Platform,Cloud Run,vCPU,run-report-api,us-central1,144.21,hour,27.96,0,27.96,env=analytics;team=data-platform;owner=portfolio
2026-03-02,000000-000000-000000,prj-shared-services,Prj Shared Services,Shared,Shared Services,Cloud Logging,Log Ingestion,logging-prod,us-central1,94.69,GiB,27.17,0,27.17,env=shared;team=shared-services;owner=portfolio
2026-03-02,000000-000000-000000,prj-retail-dev,Prj Retail Dev,Development,Retail Platform,Cloud Run,vCPU,run-payment-api,asia-southeast2,167.72,hour,19.94,0,19.94,env=development;team=retail-platform;owner=portfolio
2026-03-02,000000-000000-000000,prj-data-analytics,Prj Data Analytics,Analytics,Data Platform,Cloud Storage,Standard Storage,gcs-archive-temp,asia-southeast2,25.67,GiB-month,8.67,0,8.67,env=analytics;team=data-platform;owner=portfolio
2026-03-02,000000-000000-000000,prj-retail-dev,Prj Retail Dev,Development,Retail Platform,Cloud SQL,PostgreSQL CPU,sql-user-dev,us-central1,157.19,hour,28.73,0,28.73,env=development;team=retail-platform;owner=portfolio
2026-03-02,000000-000000-000000,prj-data-analytics,Prj Data Analytics,Analytics,Data Platform,Cloud Logging,Log Ingestion,logging-dev,us-central1,695.79,GiB,31.87,0,31.87,env=analytics;team=data-platform;owner=portfolio
2026-03-02,000000-000000-000000,prj-data-analytics,Prj Data Analytics,Analytics,Data Platform,Cloud SQL,PostgreSQL CPU,sql-orders-prod,asia-southeast1,591.14,hour,128.28,0,128.28,env=analytics;team=data-platform;owner=portfolio
2026-03-02,000000-000000-000000,prj-retail-dev,Prj Retail Dev,Development,Retail Platform,Compute Engine,Persistent Disk SSD,gce-batch-large,asia-southeast1,2362.39,hour,252.78,-12.64,240.14,env=development;team=retail-platform;owner=portfolio
2026-03-02,000000-000000-000000,prj-retail-dev,Prj Retail Dev,Development,Retail Platform,Compute Engine,Persistent Disk SSD,gce-batch-large,asia-southeast1,1945.71,hour,282.98,-0.0,282.98,env=development;team=retail-platform;owner=portfolio
2026-03-02,000000-000000-000000,prj-data-analytics,Prj Data Analytics,Analytics,Data Platform,Cloud SQL,PostgreSQL CPU,sql-orders-prod,asia-southeast1,1542.83,hour,79.2,0,79.2,env=analytics;team=data-platform;owner=portfolio
2026-03-03,000000-000000-000000,prj-retail-prod,Prj Retail Prod,Production,Retail Platform,Compute Engine,VM Instance Core,gce-batch-large,asia-southeast1,7001.2,hour,328.84,-16.44,312.4,env=production;team=retail-platform;owner=portfolio
2026-03-03,000000-000000-000000,prj-retail-dev,Prj Retail Dev,Development,Retail Platform,Cloud SQL,PostgreSQL CPU,sql-orders-prod,asia-southeast2,571.33,hour,71.32,0,71.32,env=development;team=retail-platform;owner=portfolio
2026-03-03,000000-000000-000000,prj-retail-prod,Prj Retail Prod,Production,Retail Platform,BigQuery,Storage,bq-raw-events,asia-southeast1,354.81,GiB-month,48.44,-0.0,48.44,env=production;team=retail-platform;owner=portfolio
2026-03-03,000000-000000-000000,prj-shared-services,Prj Shared Services,Shared,Shared Services,Compute Engine,VM Instance Core,gce-web-02,asia-southeast1,137.74,hour,31.83,-3.18,28.64,env=shared;team=shared-services;owner=portfolio
2026-03-03,000000-000000-000000,prj-data-analytics,Prj Data Analytics,Analytics,Data Platform,BigQuery,Storage,bq-raw-events,us-central1,342.4,GiB-month,99.98,-0.0,99.98,env=analytics;team=data-platform;owner=portfolio
2026-03-03,000000-000000-000000,prj-shared-services,Prj Shared Services,Shared,Shared Services,Compute Engine,Persistent Disk SSD,gce-legacy-reporting,asia-southeast1,568.97,hour,183.77,-9.19,174.58,env=shared;team=shared-services;owner=portfolio
2026-03-03,000000-000000-000000,prj-retail-dev,Prj Retail Dev,Development,Retail Platform,Cloud SQL,PostgreSQL CPU,sql-user-dev,us-central1,222.62,hour,61.9,0,61.9,env=development;team=retail-platform;owner=portfolio
2026-03-03,000000-000000-000000,prj-retail-dev,Prj Retail Dev,Development,Retail Platform,Compute Engine,Persistent Disk SSD,gce-legacy-reporting,asia-southeast2,2410.5,hour,274.7,-27.47,247.23,env=development;team=retail-platform;owner=portfolio
2026-03-03,000000-000000-000000,prj-retail-dev,Prj Retail Dev,Development,Retail Platform,Cloud Logging,Log Ingestion,logging-dev,us-central1,222.44,GiB,32.49,0,32.49,env=development;team=retail-platform;owner=portfolio
2026-03-03,000000-000000-000000,prj-retail-dev,Prj Retail Dev,Development,Retail Platform,BigQuery,Analysis Slots,bq-raw-events,asia-southeast1,436.79,GiB-month,92.63,-4.63,88.0,env=development;team=retail-platform;owner=portfolio
2026-03-04,000000-000000-000000,prj-data-analytics,Prj Data Analytics,Analytics,Data Platform,Cloud Run,vCPU,run-order-api,asia-southeast2,189.09,hour,11.17,0,11.17,env=analytics;team=data-platform;owner=portfolio
2026-03-04,000000-000000-000000,prj-retail-dev,Prj Retail Dev,Development,Retail Platform,Compute Engine,VM Instance Core,gce-web-02,us-central1,866.97,hour,115.24,-5.76,109.47,env=development;team=retail-platform;owner=portfolio
2026-03-04,000000-000000-000000,prj-data-analytics,Prj Data Analytics,Analytics,Data Platform,Cloud Run,vCPU,run-report-api,asia-southeast1,372.38,hour,29.62,0,29.62,env=analytics;team=data-platform;owner=portfolio
2026-03-04,000000-000000-000000,prj-retail-prod,Prj Retail Prod,Production,Retail Platform,Cloud SQL,PostgreSQL CPU,sql-reporting,us-central1,1132.27,hour,196.82,0,196.82,env=production;team=retail-platform;owner=portfolio
2026-03-04,000000-000000-000000,prj-shared-services,Prj Shared Services,Shared,Shared Services,Cloud SQL,PostgreSQL CPU,sql-reporting,asia-southeast1,579.08,hour,189.12,0,189.12,env=shared;team=shared-services;owner=portfolio
2026-03-04,000000-000000-000000,prj-retail-dev,Prj Retail Dev,Development,Retail Platform,Cloud Storage,Standard Storage,gcs-archive-temp,asia-southeast2,89.36,GiB-month,30.58,0,30.58,env=development;team=retail-platform;owner=portfolio
2026-03-05,000000-000000-000000,prj-retail-dev,Prj Retail Dev,Development,Retail Platform,Cloud Run,vCPU,run-payment-api,asia-southeast1,50.04,hour,14.72,0,14.72,env=development;team=retail-platform;owner=portfolio
2026-03-05,000000-000000-000000,prj-data-analytics,Prj Data Analytics,Analytics,Data Platform,BigQuery,Storage,bq-analytics-dwh,asia-southeast2,847.24,GiB-month,42.68,-2.13,40.54,env=analytics;team=data-platform;owner=portfolio
2026-03-05,000000-000000-000000,prj-shared-services,Prj Shared Services,Shared,Shared Services,Cloud SQL,PostgreSQL CPU,sql-orders-prod,asia-southeast1,372.85,hour,101.67,0,101.67,env=shared;team=shared-services;owner=portfolio
2026-03-05,000000-000000-000000,prj-shared-services,Prj Shared Services,Shared,Shared Services,Compute Engine,Persistent Disk SSD,gce-dev-test,asia-southeast1,632.36,hour,145.47,-7.27,138.2,env=shared;team=shared-services;owner=portfolio
2026-03-05,000000-000000-000000,prj-retail-prod,Prj Retail Prod,Production,Retail Platform,Cloud Logging,Log Ingestion,logging-dev,asia-southeast2,343.28,GiB,44.51,0,44.51,env=production;team=retail-platform;owner=portfolio
2026-03-06,000000-000000-000000,prj-data-analytics,Prj Data Analytics,Analytics,Data Platform,Cloud Storage,Standard Storage,gcs-raw-data,asia-southeast1,567.19,GiB-month,27.49,0,27.49,env=analytics;team=data-platform;owner=portfolio
2026-03-06,000000-000000-000000,prj-retail-prod,Prj Retail Prod,Production,Retail Platform,BigQuery,Analysis Slots,bq-raw-events,us-central1,428.26,GiB-month,97.3,-0.0,97.3,env=production;team=retail-platform;owner=portfolio
2026-03-06,000000-000000-000000,prj-retail-dev,Prj Retail Dev,Development,Retail Platform,Cloud Logging,Log Ingestion,logging-dev,asia-southeast2,326.93,GiB,47.82,0,47.82,env=development;team=retail-platform;owner=portfolio
2026-03-06,000000-000000-000000,prj-retail-dev,Prj Retail Dev,Development,Retail Platform,BigQuery,Analysis Slots,bq-marketing-mart,asia-southeast1,1026.72,GiB-month,58.36,-2.92,55.44,env=development;team=retail-platform;owner=portfolio
2026-03-06,000000-000000-000000,prj-retail-prod,Prj Retail Prod,Production,Retail Platform,Compute Engine,VM Instance Core,gce-web-02,asia-southeast2,476.96,hour,89.25,-8.92,80.32,env=production;team=retail-platform;owner=portfolio
2026-03-06,000000-000000-000000,prj-shared-services,Prj Shared Services,Shared,Shared Services,Compute Engine,VM Instance Core,gce-batch-large,asia-southeast1,1203.9,hour,405.01,-20.25,384.76,env=shared;team=shared-services;owner=portfolio
2026-03-06,000000-000000-000000,prj-data-analytics,Prj Data Analytics,Analytics,Data Platform,Cloud SQL,PostgreSQL CPU,sql-user-dev,us-central1,246.87,hour,66.07,0,66.07,env=analytics;team=data-platform;owner=portfolio
2026-03-06,000000-000000-000000,prj-retail-dev,Prj Retail Dev,Development,Retail Platform,Cloud SQL,PostgreSQL CPU,sql-reporting,asia-southeast1,2154.98,hour,155.61,0,155.61,env=development;team=retail-platform;owner=portfolio
2026-03-06,000000-000000-000000,prj-data-analytics,Prj Data Analytics,Analytics,Data Platform,BigQuery,Storage,bq-raw-events,us-central1,105.4,GiB-month,35.27,-0.0,35.27,env=analytics;team=data-platform;owner=portfolio
2026-03-06,000000-000000-000000,prj-retail-prod,Prj Retail Prod,Production,Retail Platform,Compute Engine,Persistent Disk SSD,gce-web-01,asia-southeast1,551.73,hour,141.05,-0.0,141.05,env=production;team=retail-platform;owner=portfolio
2026-03-07,000000-000000-000000,prj-shared-services,Prj Shared Services,Shared,Shared Services,Compute Engine,Persistent Disk SSD,gce-legacy-reporting,asia-southeast2,2034.26,hour,256.23,-0.0,256.23,env=shared;team=shared-services;owner=portfolio
2026-03-07,000000-000000-000000,prj-shared-services,Prj Shared Services,Shared,Shared Services,Cloud Run,vCPU,run-payment-api,asia-southeast1,38.58,hour,3.94,0,3.94,env=shared;team=shared-services;owner=portfolio
2026-03-07,000000-000000-000000,prj-retail-dev,Prj Retail Dev,Development,Retail Platform,Cloud Logging,Log Ingestion,logging-prod,asia-southeast2,558.2,GiB,40.2,0,40.2,env=development;team=retail-platform;owner=portfolio
2026-03-07,000000-000000-000000,prj-retail-prod,Prj Retail Prod,Production,Retail Platform,Cloud Storage,Standard Storage,gcs-backup-prod,asia-southeast1,353.66,GiB-month,30.77,0,30.77,env=production;team=retail-platform;owner=portfolio
2026-03-07,000000-000000-000000,prj-shared-services,Prj Shared Services,Shared,Shared Services,Compute Engine,VM Instance Core,gce-dev-test,asia-southeast2,585.25,hour,121.4,-0.0,121.4,env=shared;team=shared-services;owner=portfolio
2026-03-07,000000-000000-000000,prj-shared-services,Prj Shared Services,Shared,Shared Services,Cloud Logging,Log Ingestion,logging-prod,asia-southeast2,106.39,GiB,35.88,0,35.88,env=shared;team=shared-services;owner=portfolio
2026-03-07,000000-000000-000000,prj-data-analytics,Prj Data Analytics,Analytics,Data Platform,Cloud SQL,PostgreSQL CPU,sql-orders-prod,asia-southeast1,189.23,hour,46.33,0,46.33,env=analytics;team=data-platform;owner=portfolio
2026-03-08,000000-000000-000000,prj-shared-services,Prj Shared Services,Shared,Shared Services,Compute Engine,Persistent Disk SSD,gce-batch-large,asia-southeast2,1344.96,hour,257.78,-0.0,257.78,env=shared;team=shared-services;owner=portfolio
2026-03-08,000000-000000-000000,prj-data-analytics,Prj Data Analytics,Analytics,Data Platform,Cloud Logging,Log Ingestion,logging-shared,asia-southeast1,78.03,GiB,20.56,0,20.56,env=analytics;team=data-platform;owner=portfolio
2026-03-08,000000-000000-000000,prj-retail-prod,Prj Retail Prod,Production,Retail Platform,BigQuery,Storage,bq-raw-events,asia-southeast2,1227.42,GiB-month,63.13,-0.0,63.13,env=production;team=retail-platform;owner=portfolio
2026-03-08,000000-000000-000000,prj-shared-services,Prj Shared Services,Shared,Shared Services,Compute Engine,VM Instance Core,gce-legacy-reporting,asia-southeast2,2179.41,hour,395.38,-0.0,395.38,env=shared;team=shared-services;owner=portfolio
2026-03-08,000000-000000-000000,prj-retail-prod,Prj Retail Prod,Production,Retail Platform,Compute Engine,Persistent Disk SSD,gce-web-01,us-central1,666.29,hour,93.62,-9.36,84.26,env=production;team=retail-platform;owner=portfolio
2026-03-08,000000-000000-000000,prj-retail-dev,Prj Retail Dev,Development,Retail Platform,Cloud SQL,PostgreSQL CPU,sql-orders-prod,us-central1,147.27,hour,37.68,0,37.68,env=development;team=retail-platform;owner=portfolio
2026-03-08,000000-000000-000000,prj-retail-dev,Prj Retail Dev,Development,Retail Platform,Cloud Logging,Log Ingestion,logging-prod,asia-southeast1,968.63,GiB,43.44,0,43.44,env=development;team=retail-platform;owner=portfolio
2026-03-08,000000-000000-000000,prj-retail-prod,Prj Retail Prod,Production,Retail Platform,Compute Engine,VM Instance Core,gce-web-01,asia-southeast2,202.97,hour,51.68,-5.17,46.51,env=production;team=retail-platform;owner=portfolio
2026-03-08,000000-000000-000000,prj-retail-dev,Prj Retail Dev,Development,Retail Platform,Cloud Storage,Standard Storage,gcs-archive-temp,asia-southeast2,48.56,GiB-month,11.16,0,11.16,env=development;team=retail-platform;owner=portfolio
2026-03-08,000000-000000-000000,prj-data-analytics,Prj Data Analytics,Analytics,Data Platform,Cloud SQL,PostgreSQL CPU,sql-user-dev,us-central1,292.34,hour,80.67,0,80.67,env=analytics;team=data-platform;owner=portfolio
2026-03-09,000000-000000-000000,prj-retail-dev,Prj Retail Dev,Development,Retail Platform,Cloud Logging,Log Ingestion,logging-shared,asia-southeast2,285.28,GiB,53.37,0,53.37,env=development;team=retail-platform;owner=portfolio
2026-03-09,000000-000000-000000,prj-retail-dev,Prj Retail Dev,Development,Retail Platform,Compute Engine,VM Instance Core,gce-web-01,asia-southeast2,1563.09,hour,113.12,-0.0,113.12,env=development;team=retail-platform;owner=portfolio
2026-03-09,000000-000000-000000,prj-retail-dev,Prj Retail Dev,Development,Retail Platform,BigQuery,Analysis Slots,bq-analytics-dwh,asia-southeast2,429.44,GiB-month,47.8,-2.39,45.41,env=development;team=retail-platform;owner=portfolio
2026-03-09,000000-000000-000000,prj-data-analytics,Prj Data Analytics,Analytics,Data Platform,BigQuery,Storage,bq-analytics-dwh,us-central1,1078.56,GiB-month,91.6,-9.16,82.44,env=analytics;team=data-platform;owner=portfolio
2026-03-09,000000-000000-000000,prj-shared-services,Prj Shared Services,Shared,Shared Services,BigQuery,Analysis Slots,bq-marketing-mart,asia-southeast2,247.71,GiB-month,63.06,-0.0,63.06,env=shared;team=shared-services;owner=portfolio
2026-03-09,000000-000000-000000,prj-data-analytics,Prj Data Analytics,Analytics,Data Platform,BigQuery,Analysis Slots,bq-analytics-dwh,us-central1,727.79,GiB-month,159.54,-0.0,159.54,env=analytics;team=data-platform;owner=portfolio
2026-03-09,000000-000000-000000,prj-retail-dev,Prj Retail Dev,Development,Retail Platform,Compute Engine,Persistent Disk SSD,gce-legacy-reporting,asia-southeast1,2958.27,hour,345.61,-0.0,345.61,env=development;team=retail-platform;owner=portfolio
2026-03-09,000000-000000-000000,prj-retail-dev,Prj Retail Dev,Development,Retail Platform,BigQuery,Analysis Slots,bq-raw-events,asia-southeast1,287.65,GiB-month,58.87,-5.89,52.98,env=development;team=retail-platform;owner=portfolio
2026-03-09,000000-000000-000000,prj-retail-prod,Prj Retail Prod,Production,Retail Platform,Cloud Logging,Log Ingestion,logging-dev,us-central1,75.18,GiB,9.9,0,9.9,env=production;team=retail-platform;owner=portfolio
2026-03-10,000000-000000-000000,prj-retail-prod,Prj Retail Prod,Production,Retail Platform,Cloud Logging,Log Ingestion,logging-shared,us-central1,95.43,GiB,26.65,0,26.65,env=production;team=retail-platform;owner=portfolio
2026-03-10,000000-000000-000000,prj-shared-services,Prj Shared Services,Shared,Shared Services,BigQuery,Analysis Slots,bq-marketing-mart,asia-southeast1,673.85,GiB-month,88.91,-0.0,88.91,env=shared;team=shared-services;owner=portfolio
2026-03-10,000000-000000-000000,prj-retail-dev,Prj Retail Dev,Development,Retail Platform,Compute Engine,Persistent Disk SSD,gce-dev-test,asia-southeast1,908.99,hour,144.27,-0.0,144.27,env=development;team=retail-platform;owner=portfolio
2026-03-10,000000-000000-000000,prj-retail-prod,Prj Retail Prod,Production,Retail Platform,Cloud SQL,PostgreSQL CPU,sql-user-dev,asia-southeast2,872.82,hour,99.48,0,99.48,env=production;team=retail-platform;owner=portfolio
2026-03-10,000000-000000-000000,prj-shared-services,Prj Shared Services,Shared,Shared Services,BigQuery,Storage,bq-raw-events,asia-southeast1,330.9,GiB-month,48.65,-2.43,46.22,env=shared;team=shared-services;owner=portfolio
2026-03-11,000000-000000-000000,prj-retail-prod,Prj Retail Prod,Production,Retail Platform,Cloud Logging,Log Ingestion,logging-shared,asia-southeast2,149.13,GiB,38.01,0,38.01,env=production;team=retail-platform;owner=portfolio
2026-03-11,000000-000000-000000,prj-retail-dev,Prj Retail Dev,Development,Retail Platform,Cloud Logging,Log Ingestion,logging-prod,asia-southeast1,67.74,GiB,17.35,0,17.35,env=development;team=retail-platform;owner=portfolio
2026-03-11,000000-000000-000000,prj-retail-dev,Prj Retail Dev,Development,Retail Platform,BigQuery,Storage,bq-raw-events,us-central1,97.88,GiB-month,17.38,-1.74,15.64,env=development;team=retail-platform;owner=portfolio
2026-03-11,000000-000000-000000,prj-retail-prod,Prj Retail Prod,Production,Retail Platform,Cloud Storage,Standard Storage,gcs-raw-data,us-central1,92.47,GiB-month,13.53,0,13.53,env=production;team=retail-platform;owner=portfolio
2026-03-11,000000-000000-000000,prj-data-analytics,Prj Data Analytics,Analytics,Data Platform,Cloud Logging,Log Ingestion,logging-shared,asia-southeast1,368.19,GiB,49.71,0,49.71,env=analytics;team=data-platform;owner=portfolio
2026-03-11,000000-000000-000000,prj-retail-dev,Prj Retail Dev,Development,Retail Platform,Cloud Logging,Log Ingestion,logging-dev,us-central1,35.69,GiB,11.65,0,11.65,env=development;team=retail-platform;owner=portfolio
2026-03-11,000000-000000-000000,prj-data-analytics,Prj Data Analytics,Analytics,Data Platform,BigQuery,Analysis Slots,bq-analytics-dwh,asia-southeast1,949.45,GiB-month,167.74,-0.0,167.74,env=analytics;team=data-platform;owner=portfolio
2026-03-11,000000-000000-000000,prj-retail-dev,Prj Retail Dev,Development,Retail Platform,BigQuery,Storage,bq-raw-events,asia-southeast2,1092.98,GiB-month,84.88,-4.24,80.64,env=development;team=retail-platform;owner=portfolio
2026-03-11,000000-000000-000000,prj-shared-services,Prj Shared Services,Shared,Shared Services,Cloud Logging,Log Ingestion,logging-prod,asia-southeast1,122.11,GiB,29.39,0,29.39,env=shared;team=shared-services;owner=portfolio
2026-03-12,000000-000000-000000,prj-data-analytics,Prj Data Analytics,Analytics,Data Platform,BigQuery,Analysis Slots,bq-raw-events,asia-southeast1,825.36,GiB-month,111.84,-0.0,111.84,env=analytics;team=data-platform;owner=portfolio
2026-03-12,000000-000000-000000,prj-retail-dev,Prj Retail Dev,Development,Retail Platform,Cloud Logging,Log Ingestion,logging-dev,asia-southeast2,409.45,GiB,51.65,0,51.65,env=development;team=retail-platform;owner=portfolio
2026-03-12,000000-000000-000000,prj-retail-prod,Prj Retail Prod,Production,Retail Platform,Cloud Logging,Log Ingestion,logging-shared,us-central1,103.67,GiB,34.46,0,34.46,env=production;team=retail-platform;owner=portfolio
2026-03-12,000000-000000-000000,prj-data-analytics,Prj Data Analytics,Analytics,Data Platform,Cloud Run,vCPU,run-order-api,us-central1,65.45,hour,11.66,0,11.66,env=analytics;team=data-platform;owner=portfolio
2026-03-12,000000-000000-000000,prj-retail-prod,Prj Retail Prod,Production,Retail Platform,BigQuery,Storage,bq-raw-events,asia-southeast1,349.27,GiB-month,92.86,-9.29,83.57,env=production;team=retail-platform;owner=portfolio
2026-03-12,000000-000000-000000,prj-retail-dev,Prj Retail Dev,Development,Retail Platform,Compute Engine,Persistent Disk SSD,gce-web-02,asia-southeast1,822.13,hour,55.43,-5.54,49.88,env=development;team=retail-platform;owner=portfolio
2026-03-12,000000-000000-000000,prj-data-analytics,Prj Data Analytics,Analytics,Data Platform,Cloud Run,vCPU,run-order-api,asia-southeast2,34.05,hour,7.21,0,7.21,env=analytics;team=data-platform;owner=portfolio
2026-03-12,000000-000000-000000,prj-data-analytics,Prj Data Analytics,Analytics,Data Platform,Cloud Storage,Standard Storage,gcs-backup-prod,asia-southeast1,17.08,GiB-month,5.1,0,5.1,env=analytics;team=data-platform;owner=portfolio
2026-03-13,000000-000000-000000,prj-data-analytics,Prj Data Analytics,Analytics,Data Platform,Cloud Run,vCPU,run-order-api,us-central1,160.87,hour,9.76,0,9.76,env=analytics;team=data-platform;owner=portfolio
2026-03-13,000000-000000-000000,prj-data-analytics,Prj Data Analytics,Analytics,Data Platform,Cloud Logging,Log Ingestion,logging-shared,asia-southeast2,83.85,GiB,22.41,0,22.41,env=analytics;team=data-platform;owner=portfolio
2026-03-13,000000-000000-000000,prj-data-analytics,Prj Data Analytics,Analytics,Data Platform,BigQuery,Analysis Slots,bq-raw-events,asia-southeast1,204.72,GiB-month,48.57,-4.86,43.71,env=analytics;team=data-platform;owner=portfolio
2026-03-13,000000-000000-000000,prj-retail-prod,Prj Retail Prod,Production,Retail Platform,Cloud Storage,Standard Storage,gcs-backup-prod,us-central1,91.72,GiB-month,25.07,0,25.07,env=production;team=retail-platform;owner=portfolio
2026-03-13,000000-000000-000000,prj-data-analytics,Prj Data Analytics,Analytics,Data Platform,Cloud SQL,PostgreSQL CPU,sql-reporting,asia-southeast1,1290.17,hour,106.38,0,106.38,env=analytics;team=data-platform;owner=portfolio
2026-03-14,000000-000000-000000,prj-shared-services,Prj Shared Services,Shared,Shared Services,Cloud Run,vCPU,run-payment-api,us-central1,118.6,hour,25.28,0,25.28,env=shared;team=shared-services;owner=portfolio
2026-03-14,000000-000000-000000,prj-retail-prod,Prj Retail Prod,Production,Retail Platform,Cloud Run,vCPU,run-payment-api,asia-southeast1,141.4,hour,11.75,0,11.75,env=production;team=retail-platform;owner=portfolio
2026-03-14,000000-000000-000000,prj-data-analytics,Prj Data Analytics,Analytics,Data Platform,BigQuery,Analysis Slots,bq-raw-events,asia-southeast2,1181.49,GiB-month,93.17,-4.66,88.51,env=analytics;team=data-platform;owner=portfolio
2026-03-14,000000-000000-000000,prj-retail-prod,Prj Retail Prod,Production,Retail Platform,Cloud Run,vCPU,run-report-api,us-central1,280.57,hour,14.07,0,14.07,env=production;team=retail-platform;owner=portfolio
2026-03-14,000000-000000-000000,prj-retail-prod,Prj Retail Prod,Production,Retail Platform,Cloud Logging,Log Ingestion,logging-prod,us-central1,41.66,GiB,9.44,0,9.44,env=production;team=retail-platform;owner=portfolio
2026-03-14,000000-000000-000000,prj-retail-dev,Prj Retail Dev,Development,Retail Platform,BigQuery,Analysis Slots,bq-raw-events,us-central1,80.41,GiB-month,24.53,-0.0,24.53,env=development;team=retail-platform;owner=portfolio
2026-03-14,000000-000000-000000,prj-retail-dev,Prj Retail Dev,Development,Retail Platform,Compute Engine,Persistent Disk SSD,gce-web-01,asia-southeast2,398.42,hour,136.19,-0.0,136.19,env=development;team=retail-platform;owner=portfolio
2026-03-15,000000-000000-000000,prj-shared-services,Prj Shared Services,Shared,Shared Services,Cloud SQL,PostgreSQL CPU,sql-reporting,asia-southeast2,707.76,hour,78.24,0,78.24,env=shared;team=shared-services;owner=portfolio
2026-03-15,000000-000000-000000,prj-data-analytics,Prj Data Analytics,Analytics,Data Platform,Compute Engine,Persistent Disk SSD,gce-legacy-reporting,asia-southeast1,514.79,hour,82.0,-0.0,82.0,env=analytics;team=data-platform;owner=portfolio
2026-03-15,000000-000000-000000,prj-data-analytics,Prj Data Analytics,Analytics,Data Platform,Cloud Logging,Log Ingestion,logging-prod,us-central1,249.31,GiB,46.74,0,46.74,env=analytics;team=data-platform;owner=portfolio
2026-03-15,000000-000000-000000,prj-data-analytics,Prj Data Analytics,Analytics,Data Platform,BigQuery,Analysis Slots,bq-analytics-dwh,asia-southeast2,439.8,GiB-month,112.35,-11.24,101.12,env=analytics;team=data-platform;owner=portfolio
2026-03-15,000000-000000-000000,prj-retail-dev,Prj Retail Dev,Development,Retail Platform,Compute Engine,Persistent Disk SSD,gce-batch-large,us-central1,1381.66,hour,382.85,-19.14,363.71,env=development;team=retail-platform;owner=portfolio
2026-03-15,000000-000000-000000,prj-data-analytics,Prj Data Analytics,Analytics,Data Platform,Cloud Run,vCPU,run-payment-api,asia-southeast1,133.47,hour,9.81,0,9.81,env=analytics;team=data-platform;owner=portfolio
2026-03-16,000000-000000-000000,prj-shared-services,Prj Shared Services,Shared,Shared Services,BigQuery,Storage,bq-raw-events,us-central1,114.24,GiB-month,18.12,-0.0,18.12,env=shared;team=shared-services;owner=portfolio
2026-03-16,000000-000000-000000,prj-data-analytics,Prj Data Analytics,Analytics,Data Platform,BigQuery,Analysis Slots,bq-marketing-mart,asia-southeast1,191.71,GiB-month,25.12,-0.0,25.12,env=analytics;team=data-platform;owner=portfolio
2026-03-16,000000-000000-000000,prj-shared-services,Prj Shared Services,Shared,Shared Services,Cloud Storage,Standard Storage,gcs-archive-temp,asia-southeast1,81.61,GiB-month,26.41,0,26.41,env=shared;team=shared-services;owner=portfolio
2026-03-16,000000-000000-000000,prj-shared-services,Prj Shared Services,Shared,Shared Services,Cloud SQL,PostgreSQL CPU,sql-user-dev,asia-southeast1,1036.9,hour,94.24,0,94.24,env=shared;team=shared-services;owner=portfolio
2026-03-16,000000-000000-000000,prj-retail-dev,Prj Retail Dev,Development,Retail Platform,Cloud Storage,Standard Storage,gcs-archive-temp,us-central1,147.18,GiB-month,27.32,0,27.32,env=development;team=retail-platform;owner=portfolio
2026-03-16,000000-000000-000000,prj-retail-dev,Prj Retail Dev,Development,Retail Platform,Compute Engine,VM Instance Core,gce-legacy-reporting,asia-southeast1,1243.56,hour,99.16,-0.0,99.16,env=development;team=retail-platform;owner=portfolio
2026-03-16,000000-000000-000000,prj-data-analytics,Prj Data Analytics,Analytics,Data Platform,Compute Engine,VM Instance Core,gce-batch-large,us-central1,631.32,hour,141.22,-7.06,134.16,env=analytics;team=data-platform;owner=portfolio
2026-03-16,000000-000000-000000,prj-retail-prod,Prj Retail Prod,Production,Retail Platform,Cloud Storage,Standard Storage,gcs-raw-data,asia-southeast1,54.38,GiB-month,17.37,0,17.37,env=production;team=retail-platform;owner=portfolio
2026-03-17,000000-000000-000000,prj-shared-services,Prj Shared Services,Shared,Shared Services,Compute Engine,VM Instance Core,gce-batch-large,asia-southeast1,1645.3,hour,150.8,-7.54,143.26,env=shared;team=shared-services;owner=portfolio
2026-03-17,000000-000000-000000,prj-data-analytics,Prj Data Analytics,Analytics,Data Platform,Cloud Run,vCPU,run-order-api,us-central1,310.65,hour,17.0,0,17.0,env=analytics;team=data-platform;owner=portfolio
2026-03-17,000000-000000-000000,prj-shared-services,Prj Shared Services,Shared,Shared Services,BigQuery,Storage,bq-raw-events,asia-southeast1,143.01,GiB-month,24.66,-2.47,22.19,env=shared;team=shared-services;owner=portfolio
2026-03-17,000000-000000-000000,prj-retail-prod,Prj Retail Prod,Production,Retail Platform,Cloud Storage,Standard Storage,gcs-archive-temp,us-central1,144.81,GiB-month,26.14,0,26.14,env=production;team=retail-platform;owner=portfolio
2026-03-17,000000-000000-000000,prj-retail-dev,Prj Retail Dev,Development,Retail Platform,Compute Engine,VM Instance Core,gce-dev-test,us-central1,430.28,hour,141.88,-14.19,127.69,env=development;team=retail-platform;owner=portfolio
2026-03-18,000000-000000-000000,prj-retail-prod,Prj Retail Prod,Production,Retail Platform,BigQuery,Storage,bq-marketing-mart,asia-southeast1,170.13,GiB-month,40.24,-0.0,40.24,env=production;team=retail-platform;owner=portfolio
2026-03-18,000000-000000-000000,prj-data-analytics,Prj Data Analytics,Analytics,Data Platform,Cloud Storage,Standard Storage,gcs-archive-temp,asia-southeast1,47.66,GiB-month,13.68,0,13.68,env=analytics;team=data-platform;owner=portfolio
2026-03-18,000000-000000-000000,prj-shared-services,Prj Shared Services,Shared,Shared Services,Cloud Logging,Log Ingestion,logging-shared,asia-southeast1,15.85,GiB,4.52,0,4.52,env=shared;team=shared-services;owner=portfolio
2026-03-18,000000-000000-000000,prj-retail-dev,Prj Retail Dev,Development,Retail Platform,Compute Engine,VM Instance Core,gce-legacy-reporting,asia-southeast2,1449.73,hour,359.85,-17.99,341.86,env=development;team=retail-platform;owner=portfolio
2026-03-18,000000-000000-000000,prj-shared-services,Prj Shared Services,Shared,Shared Services,BigQuery,Analysis Slots,bq-analytics-dwh,asia-southeast2,1287.99,GiB-month,249.74,-12.49,237.25,env=shared;team=shared-services;owner=portfolio
2026-03-18,000000-000000-000000,prj-retail-dev,Prj Retail Dev,Development,Retail Platform,Compute Engine,Persistent Disk SSD,gce-batch-large,asia-southeast1,1133.77,hour,120.6,-0.0,120.6,env=development;team=retail-platform;owner=portfolio
2026-03-18,000000-000000-000000,prj-shared-services,Prj Shared Services,Shared,Shared Services,Cloud Run,vCPU,run-payment-api,asia-southeast2,27.58,hour,5.16,0,5.16,env=shared;team=shared-services;owner=portfolio
2026-03-18,000000-000000-000000,prj-data-analytics,Prj Data Analytics,Analytics,Data Platform,BigQuery,Analysis Slots,bq-marketing-mart,us-central1,210.98,GiB-month,53.61,-0.0,53.61,env=analytics;team=data-platform;owner=portfolio
2026-03-18,000000-000000-000000,prj-retail-dev,Prj Retail Dev,Development,Retail Platform,Cloud Storage,Standard Storage,gcs-archive-temp,asia-southeast1,288.89,GiB-month,32.73,0,32.73,env=development;team=retail-platform;owner=portfolio
2026-03-18,000000-000000-000000,prj-shared-services,Prj Shared Services,Shared,Shared Services,Compute Engine,VM Instance Core,gce-legacy-reporting,us-central1,1215.44,hour,393.71,-0.0,393.71,env=shared;team=shared-services;owner=portfolio
2026-03-19,000000-000000-000000,prj-shared-services,Prj Shared Services,Shared,Shared Services,Compute Engine,VM Instance Core,gce-batch-large,us-central1,1171.76,hour,346.33,-0.0,346.33,env=shared;team=shared-services;owner=portfolio
2026-03-19,000000-000000-000000,prj-data-analytics,Prj Data Analytics,Analytics,Data Platform,Compute Engine,Persistent Disk SSD,gce-batch-large,us-central1,828.56,hour,195.0,-0.0,195.0,env=analytics;team=data-platform;owner=portfolio
2026-03-19,000000-000000-000000,prj-retail-dev,Prj Retail Dev,Development,Retail Platform,Compute Engine,VM Instance Core,gce-legacy-reporting,us-central1,449.2,hour,135.91,-0.0,135.91,env=development;team=retail-platform;owner=portfolio
2026-03-19,000000-000000-000000,prj-shared-services,Prj Shared Services,Shared,Shared Services,Cloud SQL,PostgreSQL CPU,sql-user-dev,asia-southeast1,956.67,hour,97.18,0,97.18,env=shared;team=shared-services;owner=portfolio
2026-03-19,000000-000000-000000,prj-data-analytics,Prj Data Analytics,Analytics,Data Platform,BigQuery,Analysis Slots,bq-marketing-mart,asia-southeast1,355.63,GiB-month,114.2,-0.0,114.2,env=analytics;team=data-platform;owner=portfolio
2026-03-19,000000-000000-000000,prj-retail-dev,Prj Retail Dev,Development,Retail Platform,Cloud Storage,Standard Storage,gcs-archive-temp,us-central1,316.36,GiB-month,29.34,0,29.34,env=development;team=retail-platform;owner=portfolio
2026-03-19,000000-000000-000000,prj-retail-prod,Prj Retail Prod,Production,Retail Platform,Compute Engine,VM Instance Core,gce-dev-test,asia-southeast1,256.37,hour,85.44,-0.0,85.44,env=production;team=retail-platform;owner=portfolio
2026-03-20,000000-000000-000000,prj-shared-services,Prj Shared Services,Shared,Shared Services,Cloud Run,vCPU,run-order-api,asia-southeast2,233.0,hour,22.35,0,22.35,env=shared;team=shared-services;owner=portfolio
2026-03-20,000000-000000-000000,prj-retail-prod,Prj Retail Prod,Production,Retail Platform,Cloud Storage,Standard Storage,gcs-backup-prod,asia-southeast1,76.51,GiB-month,14.18,0,14.18,env=production;team=retail-platform;owner=portfolio
2026-03-20,000000-000000-000000,prj-shared-services,Prj Shared Services,Shared,Shared Services,BigQuery,Storage,bq-raw-events,asia-southeast1,319.62,GiB-month,59.45,-0.0,59.45,env=shared;team=shared-services;owner=portfolio
2026-03-20,000000-000000-000000,prj-retail-prod,Prj Retail Prod,Production,Retail Platform,Compute Engine,VM Instance Core,gce-batch-large,us-central1,1217.63,hour,146.96,-0.0,146.96,env=production;team=retail-platform;owner=portfolio
2026-03-20,000000-000000-000000,prj-shared-services,Prj Shared Services,Shared,Shared Services,Cloud SQL,PostgreSQL CPU,sql-user-dev,asia-southeast1,500.86,hour,39.89,0,39.89,env=shared;team=shared-services;owner=portfolio
2026-03-20,000000-000000-000000,prj-data-analytics,Prj Data Analytics,Analytics,Data Platform,Cloud Run,vCPU,run-payment-api,us-central1,180.76,hour,16.48,0,16.48,env=analytics;team=data-platform;owner=portfolio
2026-03-20,000000-000000-000000,prj-shared-services,Prj Shared Services,Shared,Shared Services,BigQuery,Analysis Slots,bq-raw-events,asia-southeast2,452.31,GiB-month,84.03,-0.0,84.03,env=shared;team=shared-services;owner=portfolio
2026-03-21,000000-000000-000000,prj-shared-services,Prj Shared Services,Shared,Shared Services,Cloud Run,vCPU,run-order-api,us-central1,113.33,hour,21.85,0,21.85,env=shared;team=shared-services;owner=portfolio
2026-03-21,000000-000000-000000,prj-retail-dev,Prj Retail Dev,Development,Retail Platform,Compute Engine,Persistent Disk SSD,gce-batch-large,asia-southeast2,485.57,hour,107.26,-0.0,107.26,env=development;team=retail-platform;owner=portfolio
2026-03-21,000000-000000-000000,prj-retail-dev,Prj Retail Dev,Development,Retail Platform,Cloud Run,vCPU,run-order-api,asia-southeast1,127.99,hour,9.96,0,9.96,env=development;team=retail-platform;owner=portfolio
2026-03-21,000000-000000-000000,prj-retail-prod,Prj Retail Prod,Production,Retail Platform,Cloud SQL,PostgreSQL CPU,sql-orders-prod,asia-southeast1,308.98,hour,75.38,0,75.38,env=production;team=retail-platform;owner=portfolio
2026-03-21,000000-000000-000000,prj-retail-prod,Prj Retail Prod,Production,Retail Platform,Cloud Logging,Log Ingestion,logging-dev,asia-southeast1,166.01,GiB,47.89,0,47.89,env=production;team=retail-platform;owner=portfolio
2026-03-21,000000-000000-000000,prj-data-analytics,Prj Data Analytics,Analytics,Data Platform,Compute Engine,VM Instance Core,gce-web-01,asia-southeast2,1481.55,hour,100.22,-10.02,90.2,env=analytics;team=data-platform;owner=portfolio
2026-03-21,000000-000000-000000,prj-retail-dev,Prj Retail Dev,Development,Retail Platform,Cloud Run,vCPU,run-payment-api,asia-southeast1,54.29,hour,15.74,0,15.74,env=development;team=retail-platform;owner=portfolio
2026-03-21,000000-000000-000000,prj-retail-dev,Prj Retail Dev,Development,Retail Platform,Cloud SQL,PostgreSQL CPU,sql-reporting,asia-southeast1,2408.02,hour,163.67,0,163.67,env=development;team=retail-platform;owner=portfolio
2026-03-21,000000-000000-000000,prj-data-analytics,Prj Data Analytics,Analytics,Data Platform,BigQuery,Analysis Slots,bq-marketing-mart,us-central1,75.37,GiB-month,24.76,-0.0,24.76,env=analytics;team=data-platform;owner=portfolio
2026-03-21,000000-000000-000000,prj-retail-prod,Prj Retail Prod,Production,Retail Platform,Cloud Storage,Standard Storage,gcs-backup-prod,us-central1,78.38,GiB-month,23.58,0,23.58,env=production;team=retail-platform;owner=portfolio
2026-03-22,000000-000000-000000,prj-data-analytics,Prj Data Analytics,Analytics,Data Platform,Compute Engine,VM Instance Core,gce-dev-test,us-central1,253.69,hour,38.1,-1.91,36.2,env=analytics;team=data-platform;owner=portfolio
2026-03-22,000000-000000-000000,prj-retail-prod,Prj Retail Prod,Production,Retail Platform,Compute Engine,VM Instance Core,gce-web-01,us-central1,915.71,hour,125.75,-6.29,119.46,env=production;team=retail-platform;owner=portfolio
2026-03-22,000000-000000-000000,prj-shared-services,Prj Shared Services,Shared,Shared Services,Cloud Logging,Log Ingestion,logging-shared,asia-southeast1,20.52,GiB,7.07,0,7.07,env=shared;team=shared-services;owner=portfolio
2026-03-22,000000-000000-000000,prj-retail-prod,Prj Retail Prod,Production,Retail Platform,Cloud Run,vCPU,run-report-api,us-central1,61.03,hour,14.88,0,14.88,env=production;team=retail-platform;owner=portfolio
2026-03-22,000000-000000-000000,prj-shared-services,Prj Shared Services,Shared,Shared Services,Cloud Storage,Standard Storage,gcs-archive-temp,asia-southeast2,481.15,GiB-month,32.32,0,32.32,env=shared;team=shared-services;owner=portfolio
2026-03-22,000000-000000-000000,prj-retail-prod,Prj Retail Prod,Production,Retail Platform,BigQuery,Storage,bq-analytics-dwh,asia-southeast1,2396.36,GiB-month,159.81,-0.0,159.81,env=production;team=retail-platform;owner=portfolio
2026-03-22,000000-000000-000000,prj-retail-dev,Prj Retail Dev,Development,Retail Platform,Cloud Logging,Log Ingestion,logging-dev,us-central1,89.77,GiB,27.52,0,27.52,env=development;team=retail-platform;owner=portfolio
2026-03-22,000000-000000-000000,prj-retail-dev,Prj Retail Dev,Development,Retail Platform,BigQuery,Storage,bq-marketing-mart,us-central1,338.38,GiB-month,102.55,-10.26,92.3,env=development;team=retail-platform;owner=portfolio
2026-03-23,000000-000000-000000,prj-data-analytics,Prj Data Analytics,Analytics,Data Platform,Compute Engine,VM Instance Core,gce-legacy-reporting,asia-southeast1,713.94,hour,145.48,-0.0,145.48,env=analytics;team=data-platform;owner=portfolio
2026-03-23,000000-000000-000000,prj-data-analytics,Prj Data Analytics,Analytics,Data Platform,Compute Engine,Persistent Disk SSD,gce-batch-large,us-central1,3899.99,hour,351.05,-0.0,351.05,env=analytics;team=data-platform;owner=portfolio
2026-03-23,000000-000000-000000,prj-retail-dev,Prj Retail Dev,Development,Retail Platform,Cloud Logging,Log Ingestion,logging-dev,asia-southeast1,181.04,GiB,47.38,0,47.38,env=development;team=retail-platform;owner=portfolio
2026-03-23,000000-000000-000000,prj-retail-dev,Prj Retail Dev,Development,Retail Platform,Cloud Storage,Standard Storage,gcs-archive-temp,asia-southeast2,132.52,GiB-month,38.16,0,38.16,env=development;team=retail-platform;owner=portfolio
2026-03-23,000000-000000-000000,prj-retail-dev,Prj Retail Dev,Development,Retail Platform,Cloud Storage,Standard Storage,gcs-archive-temp,asia-southeast1,55.0,GiB-month,9.29,0,9.29,env=development;team=retail-platform;owner=portfolio
2026-03-23,000000-000000-000000,prj-data-analytics,Prj Data Analytics,Analytics,Data Platform,BigQuery,Storage,bq-analytics-dwh,asia-southeast1,1081.9,GiB-month,313.87,-0.0,313.87,env=analytics;team=data-platform;owner=portfolio
2026-03-23,000000-000000-000000,prj-shared-services,Prj Shared Services,Shared,Shared Services,Compute Engine,Persistent Disk SSD,gce-dev-test,us-central1,182.23,hour,57.92,-2.9,55.03,env=shared;team=shared-services;owner=portfolio
2026-03-23,000000-000000-000000,prj-retail-prod,Prj Retail Prod,Production,Retail Platform,Compute Engine,VM Instance Core,gce-legacy-reporting,asia-southeast2,1182.23,hour,349.13,-0.0,349.13,env=production;team=retail-platform;owner=portfolio
2026-03-23,000000-000000-000000,prj-retail-prod,Prj Retail Prod,Production,Retail Platform,BigQuery,Analysis Slots,bq-raw-events,asia-southeast2,136.9,GiB-month,36.57,-3.66,32.91,env=production;team=retail-platform;owner=portfolio
2026-03-24,000000-000000-000000,prj-data-analytics,Prj Data Analytics,Analytics,Data Platform,Cloud SQL,PostgreSQL CPU,sql-orders-prod,asia-southeast1,566.1,hour,105.77,0,105.77,env=analytics;team=data-platform;owner=portfolio
2026-03-24,000000-000000-000000,prj-retail-dev,Prj Retail Dev,Development,Retail Platform,Compute Engine,Persistent Disk SSD,gce-batch-large,asia-southeast1,1909.26,hour,158.05,-0.0,158.05,env=development;team=retail-platform;owner=portfolio
2026-03-24,000000-000000-000000,prj-shared-services,Prj Shared Services,Shared,Shared Services,Cloud Run,vCPU,run-payment-api,us-central1,54.83,hour,14.39,0,14.39,env=shared;team=shared-services;owner=portfolio
2026-03-24,000000-000000-000000,prj-retail-prod,Prj Retail Prod,Production,Retail Platform,Compute Engine,Persistent Disk SSD,gce-batch-large,us-central1,473.14,hour,162.33,-0.0,162.33,env=production;team=retail-platform;owner=portfolio
2026-03-24,000000-000000-000000,prj-data-analytics,Prj Data Analytics,Analytics,Data Platform,Cloud Run,vCPU,run-payment-api,us-central1,36.39,hour,10.78,0,10.78,env=analytics;team=data-platform;owner=portfolio
2026-03-24,000000-000000-000000,prj-retail-dev,Prj Retail Dev,Development,Retail Platform,Cloud Run,vCPU,run-payment-api,us-central1,49.3,hour,14.38,0,14.38,env=development;team=retail-platform;owner=portfolio
2026-03-25,000000-000000-000000,prj-retail-dev,Prj Retail Dev,Development,Retail Platform,Cloud Storage,Standard Storage,gcs-raw-data,asia-southeast2,263.47,GiB-month,33.73,0,33.73,env=development;team=retail-platform;owner=portfolio
2026-03-25,000000-000000-000000,prj-data-analytics,Prj Data Analytics,Analytics,Data Platform,Cloud SQL,PostgreSQL CPU,sql-reporting,asia-southeast2,616.23,hour,213.19,0,213.19,env=analytics;team=data-platform;owner=portfolio
2026-03-25,000000-000000-000000,prj-retail-prod,Prj Retail Prod,Production,Retail Platform,Cloud SQL,PostgreSQL CPU,sql-user-dev,asia-southeast1,347.77,hour,93.35,0,93.35,env=production;team=retail-platform;owner=portfolio
2026-03-25,000000-000000-000000,prj-data-analytics,Prj Data Analytics,Analytics,Data Platform,BigQuery,Storage,bq-raw-events,us-central1,560.35,GiB-month,74.39,-3.72,70.67,env=analytics;team=data-platform;owner=portfolio
2026-03-25,000000-000000-000000,prj-retail-dev,Prj Retail Dev,Development,Retail Platform,Cloud Run,vCPU,run-report-api,asia-southeast1,278.58,hour,23.8,0,23.8,env=development;team=retail-platform;owner=portfolio
2026-03-25,000000-000000-000000,prj-shared-services,Prj Shared Services,Shared,Shared Services,Compute Engine,Persistent Disk SSD,gce-web-01,us-central1,116.68,hour,36.21,-3.62,32.59,env=shared;team=shared-services;owner=portfolio
2026-03-25,000000-000000-000000,prj-shared-services,Prj Shared Services,Shared,Shared Services,Cloud Run,vCPU,run-payment-api,asia-southeast1,34.47,hour,6.56,0,6.56,env=shared;team=shared-services;owner=portfolio
2026-03-25,000000-000000-000000,prj-retail-dev,Prj Retail Dev,Development,Retail Platform,Compute Engine,Persistent Disk SSD,gce-web-02,asia-southeast1,1187.49,hour,88.12,-8.81,79.31,env=development;team=retail-platform;owner=portfolio
2026-03-26,000000-000000-000000,prj-data-analytics,Prj Data Analytics,Analytics,Data Platform,Compute Engine,VM Instance Core,gce-dev-test,asia-southeast1,170.46,hour,48.24,-0.0,48.24,env=analytics;team=data-platform;owner=portfolio
2026-03-26,000000-000000-000000,prj-retail-prod,Prj Retail Prod,Production,Retail Platform,Cloud Storage,Standard Storage,gcs-backup-prod,us-central1,141.88,GiB-month,24.04,0,24.04,env=production;team=retail-platform;owner=portfolio
2026-03-26,000000-000000-000000,prj-data-analytics,Prj Data Analytics,Analytics,Data Platform,Cloud Logging,Log Ingestion,logging-dev,asia-southeast1,159.92,GiB,29.25,0,29.25,env=analytics;team=data-platform;owner=portfolio
2026-03-26,000000-000000-000000,prj-shared-services,Prj Shared Services,Shared,Shared Services,BigQuery,Analysis Slots,bq-raw-events,asia-southeast1,293.71,GiB-month,98.98,-0.0,98.98,env=shared;team=shared-services;owner=portfolio
2026-03-26,000000-000000-000000,prj-data-analytics,Prj Data Analytics,Analytics,Data Platform,Compute Engine,Persistent Disk SSD,gce-web-02,us-central1,1217.75,hour,121.35,-0.0,121.35,env=analytics;team=data-platform;owner=portfolio
2026-03-26,000000-000000-000000,prj-retail-prod,Prj Retail Prod,Production,Retail Platform,BigQuery,Storage,bq-marketing-mart,us-central1,146.16,GiB-month,16.96,-0.0,16.96,env=production;team=retail-platform;owner=portfolio
2026-03-26,000000-000000-000000,prj-shared-services,Prj Shared Services,Shared,Shared Services,Compute Engine,Persistent Disk SSD,gce-dev-test,us-central1,2277.92,hour,108.1,-10.81,97.29,env=shared;team=shared-services;owner=portfolio
2026-03-26,000000-000000-000000,prj-data-analytics,Prj Data Analytics,Analytics,Data Platform,Cloud Run,vCPU,run-payment-api,asia-southeast1,81.02,hour,7.11,0,7.11,env=analytics;team=data-platform;owner=portfolio
2026-03-26,000000-000000-000000,prj-retail-dev,Prj Retail Dev,Development,Retail Platform,Compute Engine,VM Instance Core,gce-dev-test,asia-southeast2,1291.0,hour,154.87,-7.74,147.12,env=development;team=retail-platform;owner=portfolio
2026-03-27,000000-000000-000000,prj-retail-dev,Prj Retail Dev,Development,Retail Platform,BigQuery,Storage,bq-raw-events,asia-southeast2,315.71,GiB-month,66.76,-6.68,60.09,env=development;team=retail-platform;owner=portfolio
2026-03-27,000000-000000-000000,prj-shared-services,Prj Shared Services,Shared,Shared Services,Compute Engine,VM Instance Core,gce-legacy-reporting,asia-southeast1,2069.19,hour,278.16,-0.0,278.16,env=shared;team=shared-services;owner=portfolio
2026-03-27,000000-000000-000000,prj-shared-services,Prj Shared Services,Shared,Shared Services,Compute Engine,Persistent Disk SSD,gce-dev-test,us-central1,162.29,hour,54.86,-5.49,49.37,env=shared;team=shared-services;owner=portfolio
2026-03-27,000000-000000-000000,prj-shared-services,Prj Shared Services,Shared,Shared Services,Compute Engine,VM Instance Core,gce-web-01,asia-southeast1,1084.55,hour,135.27,-13.53,121.74,env=shared;team=shared-services;owner=portfolio
2026-03-27,000000-000000-000000,prj-shared-services,Prj Shared Services,Shared,Shared Services,Cloud SQL,PostgreSQL CPU,sql-reporting,asia-southeast2,264.37,hour,67.82,0,67.82,env=shared;team=shared-services;owner=portfolio
2026-03-28,000000-000000-000000,prj-data-analytics,Prj Data Analytics,Analytics,Data Platform,Cloud Run,vCPU,run-order-api,asia-southeast1,42.42,hour,11.59,0,11.59,env=analytics;team=data-platform;owner=portfolio
2026-03-28,000000-000000-000000,prj-data-analytics,Prj Data Analytics,Analytics,Data Platform,BigQuery,Storage,bq-raw-events,asia-southeast2,222.41,GiB-month,50.87,-0.0,50.87,env=analytics;team=data-platform;owner=portfolio
2026-03-28,000000-000000-000000,prj-retail-prod,Prj Retail Prod,Production,Retail Platform,BigQuery,Analysis Slots,bq-marketing-mart,us-central1,425.79,GiB-month,88.13,-0.0,88.13,env=production;team=retail-platform;owner=portfolio
2026-03-28,000000-000000-000000,prj-shared-services,Prj Shared Services,Shared,Shared Services,Compute Engine,Persistent Disk SSD,gce-batch-large,asia-southeast2,2368.0,hour,434.37,-0.0,434.37,env=shared;team=shared-services;owner=portfolio
2026-03-28,000000-000000-000000,prj-shared-services,Prj Shared Services,Shared,Shared Services,Compute Engine,VM Instance Core,gce-web-02,asia-southeast2,433.9,hour,126.1,-6.3,119.79,env=shared;team=shared-services;owner=portfolio
2026-03-28,000000-000000-000000,prj-retail-dev,Prj Retail Dev,Development,Retail Platform,Cloud Logging,Log Ingestion,logging-dev,asia-southeast2,227.74,GiB,54.18,0,54.18,env=development;team=retail-platform;owner=portfolio
2026-03-28,000000-000000-000000,prj-data-analytics,Prj Data Analytics,Analytics,Data Platform,Cloud Logging,Log Ingestion,logging-prod,asia-southeast2,80.23,GiB,6.4,0,6.4,env=analytics;team=data-platform;owner=portfolio
2026-03-28,000000-000000-000000,prj-retail-dev,Prj Retail Dev,Development,Retail Platform,Cloud Storage,Standard Storage,gcs-archive-temp,us-central1,99.47,GiB-month,33.88,0,33.88,env=development;team=retail-platform;owner=portfolio
2026-03-28,000000-000000-000000,prj-data-analytics,Prj Data Analytics,Analytics,Data Platform,Cloud Logging,Log Ingestion,logging-prod,asia-southeast1,73.15,GiB,25.49,0,25.49,env=analytics;team=data-platform;owner=portfolio
2026-03-28,000000-000000-000000,prj-retail-prod,Prj Retail Prod,Production,Retail Platform,Cloud Logging,Log Ingestion,logging-dev,asia-southeast2,138.68,GiB,24.84,0,24.84,env=production;team=retail-platform;owner=portfolio
2026-03-29,000000-000000-000000,prj-retail-dev,Prj Retail Dev,Development,Retail Platform,Cloud SQL,PostgreSQL CPU,sql-orders-prod,asia-southeast2,150.16,hour,48.69,0,48.69,env=development;team=retail-platform;owner=portfolio
2026-03-29,000000-000000-000000,prj-retail-dev,Prj Retail Dev,Development,Retail Platform,Cloud SQL,PostgreSQL CPU,sql-user-dev,asia-southeast1,213.28,hour,70.35,0,70.35,env=development;team=retail-platform;owner=portfolio
2026-03-29,000000-000000-000000,prj-retail-dev,Prj Retail Dev,Development,Retail Platform,Compute Engine,Persistent Disk SSD,gce-legacy-reporting,us-central1,538.74,hour,149.16,-14.92,134.25,env=development;team=retail-platform;owner=portfolio
2026-03-29,000000-000000-000000,prj-shared-services,Prj Shared Services,Shared,Shared Services,Compute Engine,Persistent Disk SSD,gce-web-01,asia-southeast1,482.07,hour,156.64,-0.0,156.64,env=shared;team=shared-services;owner=portfolio
2026-03-29,000000-000000-000000,prj-retail-prod,Prj Retail Prod,Production,Retail Platform,Cloud Storage,Standard Storage,gcs-archive-temp,asia-southeast1,455.91,GiB-month,31.78,0,31.78,env=production;team=retail-platform;owner=portfolio
2026-03-29,000000-000000-000000,prj-retail-dev,Prj Retail Dev,Development,Retail Platform,Compute Engine,VM Instance Core,gce-legacy-reporting,us-central1,988.81,hour,198.09,-19.81,178.29,env=development;team=retail-platform;owner=portfolio
2026-03-29,000000-000000-000000,prj-retail-dev,Prj Retail Dev,Development,Retail Platform,Compute Engine,Persistent Disk SSD,gce-web-01,asia-southeast1,197.26,hour,29.62,-1.48,28.14,env=development;team=retail-platform;owner=portfolio
2026-03-29,000000-000000-000000,prj-shared-services,Prj Shared Services,Shared,Shared Services,BigQuery,Analysis Slots,bq-analytics-dwh,asia-southeast1,450.07,GiB-month,38.57,-0.0,38.57,env=shared;team=shared-services;owner=portfolio
2026-03-30,000000-000000-000000,prj-data-analytics,Prj Data Analytics,Analytics,Data Platform,Cloud Storage,Standard Storage,gcs-backup-prod,asia-southeast2,145.08,GiB-month,30.96,0,30.96,env=analytics;team=data-platform;owner=portfolio
2026-03-30,000000-000000-000000,prj-shared-services,Prj Shared Services,Shared,Shared Services,Cloud SQL,PostgreSQL CPU,sql-orders-prod,asia-southeast1,126.47,hour,32.18,0,32.18,env=shared;team=shared-services;owner=portfolio
2026-03-30,000000-000000-000000,prj-data-analytics,Prj Data Analytics,Analytics,Data Platform,Cloud SQL,PostgreSQL CPU,sql-reporting,us-central1,1325.11,hour,315.4,0,315.4,env=analytics;team=data-platform;owner=portfolio
2026-03-30,000000-000000-000000,prj-retail-dev,Prj Retail Dev,Development,Retail Platform,Cloud Logging,Log Ingestion,logging-shared,asia-southeast2,137.4,GiB,22.55,0,22.55,env=development;team=retail-platform;owner=portfolio
2026-03-30,000000-000000-000000,prj-data-analytics,Prj Data Analytics,Analytics,Data Platform,Compute Engine,VM Instance Core,gce-web-01,asia-southeast2,1403.48,hour,75.24,-3.76,71.48,env=analytics;team=data-platform;owner=portfolio
2026-03-30,000000-000000-000000,prj-retail-dev,Prj Retail Dev,Development,Retail Platform,BigQuery,Storage,bq-marketing-mart,asia-southeast1,1141.47,GiB-month,107.97,-0.0,107.97,env=development;team=retail-platform;owner=portfolio
2026-03-30,000000-000000-000000,prj-retail-prod,Prj Retail Prod,Production,Retail Platform,Compute Engine,VM Instance Core,gce-web-02,us-central1,318.59,hour,78.02,-3.9,74.12,env=production;team=retail-platform;owner=portfolio
2026-03-30,000000-000000-000000,prj-shared-services,Prj Shared Services,Shared,Shared Services,Compute Engine,Persistent Disk SSD,gce-web-01,asia-southeast2,137.27,hour,47.07,-4.71,42.36,env=shared;team=shared-services;owner=portfolio
2026-03-30,000000-000000-000000,prj-retail-prod,Prj Retail Prod,Production,Retail Platform,BigQuery,Storage,bq-raw-events,asia-southeast2,291.8,GiB-month,30.6,-3.06,27.54,env=production;team=retail-platform;owner=portfolio
2026-03-31,000000-000000-000000,prj-retail-prod,Prj Retail Prod,Production,Retail Platform,BigQuery,Analysis Slots,bq-raw-events,asia-southeast1,530.58,GiB-month,107.65,-5.38,102.27,env=production;team=retail-platform;owner=portfolio
2026-03-31,000000-000000-000000,prj-shared-services,Prj Shared Services,Shared,Shared Services,Cloud Logging,Log Ingestion,logging-dev,asia-southeast2,274.97,GiB,49.53,0,49.53,env=shared;team=shared-services;owner=portfolio
2026-03-31,000000-000000-000000,prj-shared-services,Prj Shared Services,Shared,Shared Services,BigQuery,Storage,bq-marketing-mart,us-central1,415.27,GiB-month,54.59,-0.0,54.59,env=shared;team=shared-services;owner=portfolio
2026-03-31,000000-000000-000000,prj-data-analytics,Prj Data Analytics,Analytics,Data Platform,BigQuery,Storage,bq-raw-events,asia-southeast1,497.46,GiB-month,68.79,-6.88,61.91,env=analytics;team=data-platform;owner=portfolio
2026-03-31,000000-000000-000000,prj-retail-prod,Prj Retail Prod,Production,Retail Platform,BigQuery,Analysis Slots,bq-marketing-mart,asia-southeast2,291.81,GiB-month,82.76,-0.0,82.76,env=production;team=retail-platform;owner=portfolio
2026-03-31,000000-000000-000000,prj-retail-prod,Prj Retail Prod,Production,Retail Platform,Compute Engine,Persistent Disk SSD,gce-web-01,us-central1,762.38,hour,75.55,-3.78,71.77,env=production;team=retail-platform;owner=portfolio
2026-03-31,000000-000000-000000,prj-retail-dev,Prj Retail Dev,Development,Retail Platform,Cloud Storage,Standard Storage,gcs-raw-data,asia-southeast2,66.24,GiB-month,18.21,0,18.21,env=development;team=retail-platform;owner=portfolio
2026-03-31,000000-000000-000000,prj-shared-services,Prj Shared Services,Shared,Shared Services,BigQuery,Analysis Slots,bq-marketing-mart,asia-southeast1,344.54,GiB-month,90.95,-9.1,81.86,env=shared;team=shared-services;owner=portfolio
